,episode_reward,episode,duration,step,batch_reward,critic_loss,actor_loss,actor_target_entropy,actor_entropy,alpha_loss,alpha_value,pos_sample_avg_cos_similarity,neg_sample_avg_cos_similarity,curl_loss
0,0.0,1.0,46.516868352890015,500,,,,,,,,,,
1,3.0,2.0,1.349367380142212,1000,,,,,,,,,,
2,11.0,3.0,230.01212549209595,1500,0.01172265625,0.05644686226616614,-0.5773565875291824,-2.0,2.5192549126148225,0.3254116619229317,0.09877209361473038,0.9327955810725689,0.8865333119537682,7.563008647918701
3,0.0,4.0,222.8976809978485,2000,0.00741796875,0.029822082811268046,-0.8849440603256226,-2.0,2.604340424537659,0.3231552596092224,0.09634072276602562,0.9998607730865479,0.9307396056652069,6.213917285919189
4,0.0,5.0,218.42101502418518,2500,0.006515625,0.025296225245576353,-1.0691535606384277,-2.0,2.5865652294158936,0.3156730192899704,0.09400674553561293,0.9999685708284378,0.911153446674347,6.126799425125122
5,2.0,6.0,214.68543481826782,3000,0.00979296875,0.0394145090484526,-1.3502068305015564,-2.0,2.588308388710022,0.3080959177017212,0.09175395220566011,0.9998836972713471,0.8927465565204621,6.10333104133606
6,13.0,7.0,219.19689989089966,3500,0.00873828125,0.0397384380614385,-1.541173762321472,-2.0,2.6169623136520386,0.3000512174367905,0.08957698603263256,0.9998469148874283,0.8739444947242737,6.0764465246200565
7,2.0,8.0,220.0891752243042,4000,0.00909765625,0.047115425900090484,-1.6512646369934083,-2.0,2.6173781728744507,0.2931634955406189,0.08747160587214893,0.9998275637626648,0.8571116189956665,6.063216151237488
8,2.0,9.0,218.44856095314026,4500,0.00796875,0.04127473062230274,-1.76614173412323,-2.0,2.6053218612670896,0.2856909681558609,0.08543299592123413,0.99986456990242,0.8381748579740524,6.027778341293335
9,0.0,10.0,,5000,0.00730859375,0.029340440870262684,-1.857356948375702,-2.0,2.611597579956055,0.2784241094589233,0.08345090545043407,0.9998657146692276,0.8214381321668625,5.975262066841125
10,,,266.1797149181366,5000,,,,,,,,,,
11,4.0,11.0,227.49557733535767,5500,0.0082734375,0.06360591591615229,-1.9326827607154846,-2.0,2.642792950630188,0.27150580632686616,0.08153226626306079,0.9997831715345382,0.799576242685318,5.949395553588867
12,7.0,12.0,201.12351775169373,6000,0.00787890625,0.08479538029711693,-2.0225264644622802,-2.0,2.635219479560852,0.2638114501833916,0.0796678801029089,0.9997966365814209,0.784633008480072,5.91478164768219
13,2.0,13.0,200.46778464317322,6500,0.0069296875,0.08334709470439702,-2.1424065709114073,-2.0,2.6301664190292358,0.2554781773686409,0.07786370949363895,0.9997707028388977,0.7642405053377151,5.868115864753723
14,0.0,14.0,200.2488992214203,7000,0.00801171875,0.08443580995686352,-2.2594958181381224,-2.0,2.625626654624939,0.24797844064235688,0.07611734541033345,0.9997556564807892,0.7482547315359116,5.828496929168701
15,11.0,15.0,200.4588873386383,7500,0.0093671875,0.12252816926687955,-2.4126027545928954,-2.0,2.604731283187866,0.23128287613391876,0.07444132098122604,0.9997242782115936,0.7317329323291779,5.793293392181396
16,19.0,16.0,199.92639422416687,8000,0.0139921875,0.2715755834281445,-2.6226164875030515,-2.0,2.5950665674209596,0.21025517183542253,0.07289649647829546,0.9996505278348923,0.7179037954807281,5.757085983276367
17,67.0,17.0,199.91728711128235,8500,0.01787890625,0.299173294454813,-2.784713700294495,-2.0,2.6448158521652223,0.2055774044394493,0.07140599984813152,0.9995884708166123,0.6983752861022949,5.70949641418457
18,14.0,18.0,200.28589534759521,9000,0.02370703125,0.33152718636393547,-3.0033210916519164,-2.0,2.5346608896255494,0.18747632378339768,0.06995093007902815,0.9995377295017243,0.6818388869762421,5.6727755651474
19,63.0,19.0,200.96402215957642,9500,0.02475390625,0.3081666676402092,-3.38163663482666,-2.0,2.360187038421631,0.16578616267442703,0.06862932234354754,0.9994979203939438,0.6704786520004272,5.637901436805725
20,16.0,20.0,,10000,0.023796875,0.32340293353796007,-4.126990380287171,-2.0,2.1976569294929504,0.14434865632653238,0.06741497115234235,0.9994448457956314,0.6531013038158416,5.59328489780426
21,,,246.15291142463684,10000,,,,,,,,,,
22,0.0,21.0,200.50521087646484,10500,0.02430078125,0.3688408142924309,-4.950789121627808,-2.0,2.059264051914215,0.1267233794927597,0.066302123692266,0.9993826706409454,0.638529049873352,5.55467007637024
23,15.0,22.0,201.46063661575317,11000,0.0234453125,0.4179922977089882,-5.918082355499267,-2.0,1.9493958296775817,0.10603816428780556,0.0652942593624574,0.9993166781663895,0.6218609238862991,5.510583623886109
24,1.0,23.0,206.83243536949158,11500,0.02234375,0.4154553261399269,-6.951215700149536,-2.0,1.9021364560127259,0.09485772064328193,0.06436738929998943,0.9992442909479141,0.6068959564566613,5.470456839561463
25,0.0,24.0,206.03454446792603,12000,0.02147265625,0.38345024770498276,-7.863110799789428,-2.0,1.9086788659095764,0.09792031824588776,0.06341468575343465,0.999188622713089,0.5937098240852356,5.436722718238831
26,0.0,25.0,206.1264774799347,12500,0.02620703125,0.34100092253088954,-8.555133968353271,-2.0,1.9220140643119812,0.09771281874179841,0.062368677171962345,0.9991383304595948,0.5789552152752876,5.401023470878601
27,142.0,26.0,206.10745120048523,13000,0.0377890625,0.31109052735567094,-9.19017936706543,-2.0,1.8619725823402404,0.08888689714670181,0.06131827278791973,0.9990823526382446,0.5684378217458725,5.372783955574036
28,146.0,27.0,206.47949743270874,13500,0.04501953125,0.28899438786506654,-9.852857830047608,-2.0,1.8499226307868957,0.08230112656950951,0.06032185126273663,0.9990213111639022,0.5507195128798484,5.327710246086121
29,173.0,28.0,206.11128997802734,14000,0.0615859375,0.32264508557319643,-10.580057270050048,-2.0,1.866937132835388,0.07573619820177555,0.05933380470264124,0.998880138039589,0.533499880194664,5.285526763916016
30,283.0,29.0,206.04544162750244,14500,0.08265234375,0.36253813350200653,-11.399831954956055,-2.0,1.8054414892196655,0.0618873011469841,0.0584281353824666,0.9988611960411071,0.5210258561372757,5.253517309188843
31,369.0,30.0,,15000,0.10565234375,0.4087917382717133,-12.348266696929931,-2.0,1.7039647617340088,0.0467372212857008,0.057675149327886754,0.9988228132724762,0.5091540862321854,5.219344528198242
32,,,251.3043031692505,15000,,,,,,,,,,
33,429.0,31.0,206.52582359313965,15500,0.132921875,0.4421573423743248,-13.397310203552246,-2.0,1.6135047178268433,0.037968200847506524,0.05703125808292133,0.998694028377533,0.49581969636678697,5.183457446098328
34,452.0,32.0,206.41411447525024,16000,0.1556171875,0.4685618922710419,-14.558722385406494,-2.0,1.5648707189559936,0.0301411759480834,0.056457641470366894,0.9985601806640625,0.4802552784085274,5.137793314933777
35,476.0,33.0,206.62475728988647,16500,0.18274609375,0.5147528983950614,-15.875669372558594,-2.0,1.5419131507873536,0.019156105226837097,0.0560100885781757,0.9985509592294693,0.4699722536802292,5.109410723686218
36,464.0,34.0,207.74377870559692,17000,0.20571875,0.5465512570142746,-17.248322792053223,-2.0,1.5242728667259215,0.01356144265132025,0.05567005513603035,0.9985265235900879,0.459060190975666,5.08201069355011
37,509.0,35.0,207.29442739486694,17500,0.231359375,0.5569557639956474,-18.765439781188967,-2.0,1.47418745470047,0.005903022827580571,0.05545491332811797,0.998500428199768,0.4451814675927162,5.041511176109314
38,508.0,36.0,206.4570827484131,18000,0.25027734375,0.5558821374773979,-20.358918075561522,-2.0,1.425519118309021,8.89183187391609e-05,0.05537474483409494,0.9983792638778687,0.4307554646730423,4.999322865486145
39,511.0,37.0,206.250305891037,18500,0.27328125,0.5440969558954238,-21.96104508972168,-2.0,1.4267697381973266,-0.0025702836764976383,0.05542044547843371,0.9983290309906006,0.4242658217549324,4.978066436767578
40,527.0,38.0,206.60177397727966,19000,0.29437890625,0.5567981395721435,-23.572321006774903,-2.0,1.4000831546783448,-0.004753996077924967,0.05554782403061175,0.998186136841774,0.4094081530570984,4.932465145111084
41,539.0,39.0,206.30788850784302,19500,0.3132421875,0.5271121028065682,-25.110786880493166,-2.0,1.380148756980896,-0.006797837703255936,0.055764239314037366,0.9981008719205856,0.39512006348371503,4.889750391960144
42,533.0,40.0,,20000,0.3333203125,0.5203991564512253,-26.714931007385253,-2.0,1.3517384696006776,-0.008662358223460615,0.05609737687675333,0.9980392396450043,0.3879524929523468,4.868968623161316
43,,,251.57671546936035,20000,,,,,,,,,,
44,540.0,41.0,205.15082836151123,20500,0.35205078125,0.5134734060168267,-28.35497110748291,-2.0,1.3331950578689575,-0.010760784630896523,0.05653770551817898,0.997981689453125,0.3744778082370758,4.828634476661682
45,531.0,42.0,204.05317044258118,21000,0.36674609375,0.49565019804239274,-29.971161018371582,-2.0,1.3212252640724182,-0.012736161560751498,0.05719281267228753,0.9979137332439423,0.3628061561882496,4.794134133338928
46,525.0,43.0,204.3176305294037,21500,0.38298046875,0.47588014280796054,-31.526630401611328,-2.0,1.2927054619789125,-0.009600670751417056,0.05783859951077171,0.99777763068676,0.3521730990409851,4.761029676437378
47,529.0,44.0,202.7662398815155,22000,0.39974609375,0.4719672122001648,-33.12898602294922,-2.0,1.298549870967865,-0.010284344873391091,0.058488659011726826,0.9976018968820571,0.34528891360759734,4.735935633659363
48,551.0,45.0,193.2411994934082,22500,0.41591015625,0.4485464255809784,-34.60272714233398,-2.0,1.2847314863204955,-0.008395962002454325,0.05915273596595852,0.9974818320274353,0.3338439647257328,4.695679116249084
49,535.0,46.0,193.2931830883026,23000,0.42734765625,0.4461373465657234,-36.0656131439209,-2.0,1.2840193591117859,-0.009040615139063448,0.05983412253022027,0.9972409662008286,0.32777380046248433,4.673584331512451
50,539.0,47.0,193.13036251068115,23500,0.44294140625,0.41453614068031314,-37.530112411499026,-2.0,1.268205777168274,-0.007728370777098462,0.060576072492414264,0.9972695324420929,0.3153781145811081,4.631246708869934
51,514.0,48.0,209.1661159992218,24000,0.456328125,0.4183387624025345,-38.98287831115723,-2.0,1.2717166113853455,-0.0063075299269985405,0.06122801344806167,0.9971405365467072,0.30787905111908914,4.602389285087585
52,544.0,49.0,221.360417842865,24500,0.46743359375,0.4132091696858406,-40.445045989990234,-2.0,1.2553773880004884,-0.004989724757848308,0.061798130307864414,0.9968650003671646,0.2983124035298824,4.560539112091065
53,544.0,50.0,,25000,0.48065625,0.397038978099823,-41.833800170898435,-2.0,1.2453810787200927,-0.002796667460585013,0.06222689736676134,0.9968044534921646,0.2896792387366295,4.52729368019104
54,,,266.35884261131287,25000,,,,,,,,,,
55,537.0,51.0,222.86716890335083,25500,0.491921875,0.3927808185219765,-43.14505989074707,-2.0,1.2497835683822631,-0.002215799785917625,0.06253148533725304,0.9965867686271668,0.27951062539219856,4.48985378074646
56,545.0,52.0,222.7621328830719,26000,0.50644921875,0.3810004408955574,-44.42663882446289,-2.0,1.2421883454322815,-0.0010520054218359292,0.06275707583803347,0.996330703496933,0.27227907302975657,4.457392331123352
57,542.0,53.0,222.71634650230408,26500,0.5139140625,0.3686630536913872,-45.64226448059082,-2.0,1.234058057308197,-0.001319229633314535,0.06290250600080663,0.996133392214775,0.2642312580347061,4.4224459104537965
58,541.0,54.0,223.03503799438477,27000,0.52732421875,0.3736401329636574,-46.90814973449707,-2.0,1.2366508674621581,-0.002873114960733801,0.06323672305822789,0.9961120018959045,0.259705863237381,4.403982940673828
59,543.0,55.0,222.58460187911987,27500,0.53994921875,0.3571260742247105,-48.06541265869141,-2.0,1.2207793216705323,-0.001477466294541955,0.06362976846549073,0.9957957484722137,0.2462724090218544,4.344979505062104
60,566.0,56.0,223.00339794158936,28000,0.54994921875,0.36541809087991717,-49.27536108398437,-2.0,1.2091808362007141,-0.0007285764394327998,0.0637914215822515,0.9956043323278427,0.24269082006812095,4.326524222373963
61,542.0,57.0,222.3920292854309,28500,0.557328125,0.3555496772527695,-50.38716058349609,-2.0,1.2018098583221435,-0.0008560537765733898,0.06389766917335718,0.99551156437397,0.23955233427882194,4.302594825744629
62,549.0,58.0,222.18183875083923,29000,0.5705625,0.34757937064766886,-51.51030729675293,-2.0,1.1898445510864257,-0.0018536796248517931,0.06420851893029372,0.9951752462387085,0.23034993025660516,4.256133256435394
63,570.0,59.0,215.6511354446411,29500,0.5780078125,0.34158295875787736,-52.53248536682129,-2.0,1.170682490348816,0.0003922230917960405,0.064370135282356,0.9949388482570648,0.22520793631672859,4.227908864021301
64,538.0,60.0,,30000,0.58274609375,0.34239686381816864,-53.57501603698731,-2.0,1.1593830523490907,-5.505585158243775e-05,0.0642712827219238,0.9949187000989914,0.21947927725315095,4.197099761962891
65,,,248.56905889511108,30000,,,,,,,,,,
66,540.0,61.0,234.56858086585999,30500,0.59405078125,0.3437691758275032,-54.71521011352539,-2.0,1.1320007991790773,-0.0008802889869548381,0.06439390578889609,0.9947024025917053,0.21404120257496834,4.1683796043395995
67,566.0,62.0,228.38018774986267,31000,0.6033671875,0.33963971585035324,-55.68834800720215,-2.0,1.1205455090999603,0.0003596347328275442,0.06445307019712165,0.9943422601222992,0.20565975069999695,4.119733581066131
68,558.0,63.0,221.9824924468994,31500,0.61056640625,0.3376404668390751,-56.72027195739746,-2.0,1.1158369579315186,-0.0006528348617721349,0.06443401019090694,0.9941647616624832,0.19995881950855254,4.089316921234131
69,561.0,64.0,222.205162525177,32000,0.619734375,0.335659977555275,-57.709862228393554,-2.0,1.103565571784973,-0.00011653880472294986,0.06447826010088535,0.9937984724044799,0.19706066980957984,4.06089478302002
70,557.0,65.0,222.97116899490356,32500,0.62665234375,0.3393852865695953,-58.78552783203125,-2.0,1.118895915746689,-0.0005308770320843905,0.06464631046257016,0.9935578199625015,0.19149754382669926,4.034952468872071
71,565.0,66.0,222.8536458015442,33000,0.63296875,0.33093412774801256,-59.863089370727536,-2.0,1.0826394300460815,-0.0009141962514258921,0.06476220382385002,0.9932812142372132,0.18251603274047376,3.9825397243499756
72,565.0,67.0,223.922926902771,33500,0.641109375,0.3246004095673561,-60.882651168823244,-2.0,1.072903249502182,-0.0006439928442705423,0.06493603279971431,0.9927856544256211,0.17414465017616748,3.948414129734039
73,562.0,68.0,222.88614130020142,34000,0.6471875,0.3246156694293022,-61.87296272277832,-2.0,1.0658345141410828,-0.0007961814056616276,0.06512441025614005,0.9925462568998337,0.16746779365837575,3.9122347960472106
74,560.0,69.0,223.24780178070068,34500,0.6553984375,0.3145203356742859,-62.72489253234863,-2.0,1.0669835498332978,0.0005921953557990492,0.06512029677404439,0.9923661320209504,0.16466245467960836,3.8835292830467223
75,560.0,70.0,,35000,0.66128515625,0.3190799512565136,-63.606811599731444,-2.0,1.059415128469467,-0.0006259775790385902,0.0651162524164713,0.9922816332578659,0.16052044588327408,3.865274525165558
76,,,266.9837384223938,35000,,,,,,,,,,
77,557.0,71.0,223.02168202400208,35500,0.67076953125,0.30348119035363197,-64.56423931884765,-2.0,1.0444394648075104,0.00024022511835210025,0.06520379309980233,0.9921689307689667,0.1544064870774746,3.8187662072181703
78,580.0,72.0,223.24903273582458,36000,0.6744453125,0.29796658113598823,-65.4716287536621,-2.0,1.0432918934822082,-5.8963902527466415e-05,0.06518564021484878,0.9918265633583069,0.1482646239697933,3.7796096510887147
79,562.0,73.0,222.9520914554596,36500,0.68083203125,0.3051547693312168,-66.32312078857422,-2.0,1.038247864484787,-1.8858386436477305e-05,0.06512874256634665,0.9916086415052414,0.14431235790252686,3.757541795730591
80,568.0,74.0,223.81385731697083,37000,0.68965625,0.2984340903759003,-67.1876976928711,-2.0,1.027345228910446,-0.0002642226016614586,0.06513620941726135,0.9913402533531189,0.13927935111522674,3.7087927627563477
81,566.0,75.0,224.01263451576233,37500,0.69307421875,0.28827794471383095,-67.95421255493164,-2.0,1.0112072966098786,-2.595498296432197e-05,0.0651840626727493,0.9911287207603454,0.13732880507409573,3.684402238368988
82,567.0,76.0,223.82783389091492,38000,0.69840625,0.29779306042194365,-68.50800399780273,-2.0,1.0180540449619293,0.00022575509920716287,0.06523789096720818,0.9908949817419053,0.13499143268167973,3.655379366874695
83,540.0,77.0,223.97845363616943,38500,0.70499609375,0.2879597490131855,-69.35070541381836,-2.0,0.9997330799102783,0.0002606796252075583,0.06519840564613177,0.9904460437297821,0.1309582205414772,3.6214841570854186
84,579.0,78.0,223.45315384864807,39000,0.71314453125,0.2871585167646408,-70.14385504150391,-2.0,0.9928875958919525,0.0005865437914617359,0.06504805813508924,0.9901606673002243,0.126415131598711,3.598104531288147
85,580.0,79.0,223.64746856689453,39500,0.7203046875,0.28209510776400565,-71.01000161743164,-2.0,0.97526495885849,7.28065853472799e-05,0.06501686798825715,0.9896156495809555,0.11996761800348758,3.5482245111465454
86,565.0,80.0,,40000,0.72051953125,0.2766605988442898,-71.71031265258789,-2.0,0.9717081561088562,-0.0006624701023101807,0.06498162289728059,0.9894050718545914,0.11769535964727401,3.5202118730545044
87,,,267.9248516559601,40000,,,,,,,,,,
88,568.0,81.0,223.99271726608276,40500,0.7260703125,0.2847455475926399,-72.44841165161132,-2.0,0.9576955256462097,-0.0020739265063311903,0.06538775788679249,0.9893862020969391,0.11283906871825457,3.4779808712005615
89,568.0,82.0,224.24626398086548,41000,0.73153125,0.2779970266520977,-73.19711520385742,-2.0,0.9709913136959076,-0.0005298458596225828,0.06558384955634865,0.9889367407560349,0.1132660408616066,3.4520676674842834
90,569.0,83.0,224.15402269363403,41500,0.73945703125,0.27269711166620253,-73.8460560913086,-2.0,0.9557416400909424,0.0006756267889868468,0.0655709874377695,0.989146452665329,0.11036518728733062,3.4135388374328612
91,575.0,84.0,223.58816838264465,42000,0.73990625,0.2687867394387722,-74.3552742614746,-2.0,0.9722304933071136,-0.00020109045947901906,0.0656026495733909,0.9887330644130706,0.1090684119462967,3.3907837948799133
92,570.0,85.0,223.51323437690735,42500,0.74388671875,0.27446370899677275,-75.15522714233398,-2.0,0.9742926695346832,0.0005837905826047063,0.0655536161443889,0.9880857872962951,0.10703006266057491,3.3519158153533937
93,575.0,86.0,223.60626649856567,43000,0.75300390625,0.2629728328883648,-75.75958209228516,-2.0,0.9609210162162781,0.000763797631720081,0.06537069412921198,0.9879586727619171,0.10863498115539551,3.3259405860900877
94,568.0,87.0,223.84074139595032,43500,0.75663671875,0.25890922665596006,-76.33461944580078,-2.0,0.9581333725452423,-0.0011145562280435114,0.065401609454402,0.9877482219934464,0.10665552166104317,3.291643785953522
95,571.0,88.0,223.80519199371338,44000,0.76208203125,0.2581387310922146,-76.92285162353515,-2.0,0.9356575264930725,-0.0002597932401113212,0.06560148038533291,0.9872053179740906,0.10615949107706547,3.249438762664795
96,581.0,89.0,223.98375940322876,44500,0.7632578125,0.25632608276605606,-77.52290551757812,-2.0,0.9595708682537079,0.0007661435706540942,0.0655663483244104,0.9866964523792267,0.1074743336364627,3.2314657363891603
97,564.0,90.0,,45000,0.7701640625,0.25591714841127394,-78.15495690917969,-2.0,0.9506933212280273,0.001309875845676288,0.06527455642796928,0.9864155973196029,0.10389163154363633,3.1889959969520567
98,,,268.16728615760803,45000,,,,,,,,,,
99,574.0,91.0,224.74881672859192,45500,0.773390625,0.24667032793164254,-78.55251843261719,-2.0,0.9377402439117432,-0.0010862527389544994,0.06524676277528647,0.9858634786605835,0.1008492870181799,3.1503272919654846
100,585.0,92.0,224.18465995788574,46000,0.775921875,0.2484963223040104,-79.08724841308593,-2.0,0.9264740648269654,-0.00012541057146154343,0.06542513910695069,0.986089794754982,0.09803120891749859,3.129320915222168
101,562.0,93.0,224.68157768249512,46500,0.77959765625,0.2456313916146755,-79.64181475830078,-2.0,0.9320484788417817,0.0015873373192735016,0.06522461706775211,0.9854501630067826,0.09514083483070135,3.0903825602531434
102,594.0,94.0,224.50065970420837,47000,0.78425390625,0.24497688773274423,-80.15048937988281,-2.0,0.9292059659957885,-0.00030176578857935964,0.06504253925953865,0.9849300117492675,0.09673337527364492,3.066825099468231
103,570.0,95.0,224.66856122016907,47500,0.78934375,0.2487791086733341,-80.8734441833496,-2.0,0.9167906954288483,0.00042033636616542935,0.06505176669379742,0.9845348479747772,0.09698694176226855,3.0213501415252684
104,578.0,96.0,224.85384225845337,48000,0.79253515625,0.24231320077180862,-81.47078308105469,-2.0,0.9195653107166291,0.00040391747560352087,0.06496726090101142,0.984324312210083,0.09682347014546394,2.9914736909866333
105,581.0,97.0,224.69878435134888,48500,0.79612890625,0.2374205927848816,-82.07082803344727,-2.0,0.9002309558391571,-0.0006155231422744691,0.06501025711406497,0.984386535525322,0.09366887459158897,2.9658710398674013
106,581.0,98.0,224.9264898300171,49000,0.7985078125,0.24949407771229745,-82.37451638793945,-2.0,0.9238917620182038,-0.00103458220558241,0.06523270681888695,0.983585978269577,0.0928738017231226,2.940109981060028
107,586.0,99.0,224.5744264125824,49500,0.803125,0.24006547003984452,-82.90337774658204,-2.0,0.9085589997768402,3.3659854438155887e-05,0.06530478649135288,0.9838291379213333,0.09136517632007599,2.901284176826477
108,564.0,100.0,,50000,0.80314453125,0.24219848331809044,-83.38149383544922,-2.0,0.9138860828876495,-0.0006391853714594617,0.06532606480583579,0.9837207013368606,0.08744459936022758,2.871165297985077
109,,,268.63727736473083,50000,,,,,,,,,,
110,576.0,101.0,224.4964690208435,50500,0.81259765625,0.23532195097208022,-83.91373886108398,-2.0,0.9107497355937958,-0.0001896963776089251,0.06554075008908027,0.9833195841312409,0.08829710157960653,2.840196187019348
111,581.0,102.0,224.39818239212036,51000,0.81097265625,0.237242757499218,-84.31395446777344,-2.0,0.9051853251457215,-0.0013319476039614529,0.06565059962671599,0.9831141122579574,0.08548643212765455,2.8088823590278627
112,580.0,103.0,224.49640488624573,51500,0.8174296875,0.2364496159851551,-84.7851537475586,-2.0,0.908498715877533,-0.0008132137132342904,0.0659192683838564,0.982240755200386,0.08184238065034151,2.7620615334510803
113,578.0,104.0,224.68469214439392,52000,0.82115234375,0.24244229540228843,-85.13190051269531,-2.0,0.907107141494751,0.0011259993379935623,0.06589501213878055,0.9819300235509872,0.07936218824982644,2.7394640707969664
114,589.0,105.0,225.2476511001587,52500,0.82028125,0.23324646922945977,-85.58083972167968,-2.0,0.9014990482330322,0.0003548175252508372,0.06574705269283934,0.982050515294075,0.07708344105631112,2.7125199518203735
115,581.0,106.0,224.7037193775177,53000,0.82517578125,0.24002555429935454,-86.0445774230957,-2.0,0.9009342422485351,8.115249522961677e-05,0.06570164169589116,0.9825265526771545,0.07761408403515815,2.6758839921951294
116,582.0,107.0,224.8719346523285,53500,0.8309375,0.2357937813103199,-86.41463516235352,-2.0,0.8924999752044678,-0.000884088742081076,0.06578069203653072,0.9821011700630188,0.07655644495785237,2.6462192182540893
117,580.0,108.0,225.008686542511,54000,0.8305,0.23975298312306403,-86.91400598144531,-2.0,0.8901271164417267,-0.001936683700652793,0.0660998349803016,0.9819433590173722,0.07462423472851515,2.6152628245353697
118,590.0,109.0,225.122784614563,54500,0.8373046875,0.23289622291922568,-87.4075438232422,-2.0,0.8675525872707367,-0.0006760771658737212,0.06633928245712002,0.9820040950775146,0.0718634107708931,2.5839156494140627
119,588.0,110.0,,55000,0.839875,0.23406091380119323,-87.78751815795898,-2.0,0.8836166265010834,2.5197316193953158e-05,0.06647886241787082,0.98163793861866,0.07042516527324914,2.556674946784973
120,,,268.53568482398987,55000,,,,,,,,,,
121,589.0,111.0,225.21684885025024,55500,0.8439921875,0.2382973860502243,-88.09552978515624,-2.0,0.8794836790561676,-0.001712704333011061,0.06666794333670308,0.9813114343881607,0.06990954852849245,2.5140916767120363
122,589.0,112.0,225.00913858413696,56000,0.843984375,0.2362405015528202,-88.41772677612305,-2.0,0.8740612573623657,-0.0005698963350150734,0.066992134887826,0.9816526873111725,0.06967986320704221,2.494932963848114
123,579.0,113.0,225.09378027915955,56500,0.84647265625,0.23051610761880875,-88.95621942138672,-2.0,0.8667631061077118,9.919649874791503e-05,0.06694657261057983,0.9813148276805878,0.06818432996422052,2.4573789944648743
124,581.0,114.0,224.41597199440002,57000,0.85237109375,0.22971472206711768,-89.23199014282227,-2.0,0.8634427008628845,-6.087673478759825e-05,0.06697453390141732,0.981355804681778,0.06593798548728227,2.4269927439689636
125,580.0,115.0,224.92387700080872,57500,0.8526015625,0.2332325027883053,-89.65881201171875,-2.0,0.8507446897029877,-0.00048752595600672066,0.0670511382949333,0.981028809428215,0.06640487562865019,2.394508175611496
126,601.0,116.0,224.7575159072876,58000,0.8612734375,0.23872125113010406,-90.0049674987793,-2.0,0.8585602016448974,0.0009245949862524867,0.06701224205974955,0.9806348860263825,0.06544178862124682,2.360691018104553
127,597.0,117.0,225.36452054977417,58500,0.8613671875,0.22995283514261244,-90.25827026367188,-2.0,0.855626579284668,-0.0002723713754676282,0.06697203303197513,0.9809485164880752,0.0635269327685237,2.3360775077342986
128,587.0,118.0,225.52598595619202,59000,0.8634140625,0.23507926246523858,-90.43554779052734,-2.0,0.8487052352428436,0.000440342468675226,0.06691838172599238,0.9809347884654999,0.06304447627067566,2.305258003473282
129,587.0,119.0,225.3219175338745,59500,0.86705078125,0.2374858368039131,-90.7616219482422,-2.0,0.8334917240142822,-0.0007855824695434422,0.06693428600566126,0.9806334471702576,0.062150143772363664,2.2748237624168395
130,585.0,120.0,,60000,0.87014453125,0.23212372690439223,-91.0870556640625,-2.0,0.8448773403167724,-0.0007787495160009712,0.06714321029286881,0.9800183935165405,0.06212653847783804,2.236894818305969
131,,,269.23621940612793,60000,,,,,,,,,,
132,587.0,121.0,225.84971523284912,60500,0.87275,0.22682284134626388,-91.62035250854493,-2.0,0.8359154684543609,0.0005654133954085409,0.06723044989712337,0.9801743109226226,0.0614690253958106,2.216288323402405
133,584.0,122.0,226.12131667137146,61000,0.87090234375,0.2298007493317127,-91.97706353759766,-2.0,0.8375312595367431,-0.0005601517403265461,0.06715162358461145,0.9803990765810012,0.058845286704599854,2.179721731901169
134,596.0,123.0,225.4563319683075,61500,0.87803515625,0.22919228863716126,-92.32786614990235,-2.0,0.8353620324134826,-0.0005455130947520957,0.0672143371833936,0.9799720531702042,0.05831162797659636,2.1644068977832793
135,580.0,124.0,225.70382022857666,62000,0.87908203125,0.22450376996397972,-92.68028317260742,-2.0,0.8249468052387238,0.000530350876855664,0.0673778121306575,0.979736648440361,0.0566988748088479,2.131342558383942
136,601.0,125.0,225.16585445404053,62500,0.87709375,0.22099977204203605,-92.91059048461914,-2.0,0.820982322216034,0.0006115474654361606,0.06711402148881082,0.9797925418615341,0.056516007259488105,2.0890626611709595
137,588.0,126.0,225.39426445960999,63000,0.88380859375,0.22868200516700746,-93.10316589355469,-2.0,0.8085510342121124,-0.00035590913356281815,0.06706114088568421,0.9793215339183807,0.05685909666121006,2.0753172390460968
138,586.0,127.0,225.1747965812683,63500,0.8860546875,0.21717979350686073,-93.21506597900391,-2.0,0.8091601049900055,-0.0005544924037531019,0.06716190255810503,0.9791015496253967,0.05693608102202415,2.040029687166214
139,591.0,128.0,225.09509253501892,64000,0.88696484375,0.2244077499806881,-93.3649320678711,-2.0,0.8155449702739715,-3.868869226425886e-05,0.067298421146932,0.97869955265522,0.05588231172412634,2.0075449912548065
140,601.0,129.0,224.66389513015747,64500,0.89089453125,0.21730645078420638,-93.47860678100587,-2.0,0.8108394358158112,0.00039715784229338167,0.0672326973318831,0.979044999241829,0.05486628343164921,1.9864449632167815
141,584.0,130.0,,65000,0.89360546875,0.22353770393133163,-93.72478115844727,-2.0,0.7925619933605194,-0.001143289445899427,0.06737827717264575,0.9788965398073196,0.05459535122662783,1.9469512662887574
142,,,268.844096660614,65000,,,,,,,,,,
143,594.0,131.0,226.88357758522034,65500,0.8942109375,0.22612069687247277,-94.01132421875,-2.0,0.8102213599681855,-0.001176151962368749,0.06758102907629072,0.9791512460708618,0.0527595394551754,1.9177135000228882
144,602.0,132.0,224.82330965995789,66000,0.89683203125,0.22154549622535705,-94.60503216552735,-2.0,0.8020671703815461,-0.0006543594161048531,0.06781947049276288,0.9790074410438537,0.05338646788150072,1.8788954024314881
145,594.0,133.0,225.0468463897705,66500,0.8981484375,0.22208572015166284,-94.88083917236328,-2.0,0.8021841371059417,-0.0015318592945113777,0.06816288022506564,0.978583496928215,0.052597466349601746,1.8564605031013488
146,590.0,134.0,224.5522620677948,67000,0.90462890625,0.22906737422943116,-95.12824798583985,-2.0,0.8069904177188874,0.00011284300219267607,0.06826364540116527,0.978079696059227,0.052711080849170686,1.8316858463287353
147,603.0,135.0,224.527339220047,67500,0.90384765625,0.21974449095129966,-95.15415432739258,-2.0,0.8085118691921234,0.0007347704193089158,0.06823842709269223,0.9778404916524888,0.05301039467006922,1.7995180678367615
148,600.0,136.0,224.14424443244934,68000,0.9084140625,0.21788319501280784,-95.22026113891602,-2.0,0.8092070252895355,-0.0002464338676072657,0.06809706594621738,0.977884838938713,0.05225481825321913,1.7679154145717622
149,607.0,137.0,223.97950339317322,68500,0.9115,0.21462270203232764,-95.3422353515625,-2.0,0.791154771566391,0.0005977316093631089,0.06802099686445956,0.9775203617811203,0.05232252434641123,1.7379193620681763
150,586.0,138.0,225.21559715270996,69000,0.90755859375,0.21031996735930442,-95.35914749145508,-2.0,0.797358635187149,0.00019550976110622287,0.06801376296135227,0.9770441428422928,0.054359636373817924,1.7057352318763732
151,598.0,139.0,224.80036664009094,69500,0.91385546875,0.22319550409913064,-95.48405752563477,-2.0,0.7740728709697723,0.0009847176570910961,0.06786006609927175,0.9768888005018235,0.05528368443250656,1.6829305799007417
152,594.0,140.0,,70000,0.91827734375,0.2060930672585964,-95.66402020263672,-2.0,0.7971902272701263,0.0011143930912949145,0.0676103302439591,0.9768847357034683,0.05655416143685579,1.6535113089084625
153,,,268.24275255203247,70000,,,,,,,,,,
154,611.0,141.0,224.84512662887573,70500,0.91657421875,0.21123485466837882,-96.01965496826172,-2.0,0.7889286789894104,-0.0001268048316705972,0.06748990533009662,0.9768255810737609,0.05586115088313818,1.6092398619651795
155,605.0,142.0,224.38400173187256,71000,0.9176953125,0.21009437784552573,-96.12093359375,-2.0,0.7839003705978393,-0.0008207862651906908,0.06752348520534047,0.9768780063390732,0.05672324132919312,1.5821623849868773
156,603.0,143.0,224.2825427055359,71500,0.92233203125,0.22044117027521135,-96.3427629699707,-2.0,0.777271874666214,-0.0010543449574615805,0.06785712352368999,0.9763849133253097,0.056705680072307585,1.5592697796821595
157,598.0,144.0,224.09608602523804,72000,0.92494140625,0.21278443562984467,-96.62805114746094,-2.0,0.7705203557014465,-0.0014937917336355895,0.06811852560005752,0.9763436597585679,0.05751013600826264,1.5299913733005523
158,617.0,145.0,225.10797309875488,72500,0.925859375,0.20599341610074043,-96.78199966430664,-2.0,0.7543190326690674,-0.0005282145247329027,0.06836523393979232,0.9763120491504669,0.05841384278982878,1.499720153093338
159,609.0,146.0,224.78880763053894,73000,0.92640625,0.20521538957953453,-96.85126541137696,-2.0,0.7592276055812835,-0.000930712626548484,0.06857198435086745,0.9760393973588943,0.057053589656949046,1.4705792937278748
160,607.0,147.0,224.46287488937378,73500,0.92946875,0.21156558084487914,-97.13158700561523,-2.0,0.7537250397205353,-0.001316389609593898,0.06883285319891043,0.9760247675180436,0.05798134066164493,1.4500624802112578
161,607.0,148.0,224.88553309440613,74000,0.9318671875,0.2123991820216179,-97.3006791381836,-2.0,0.754007774591446,-0.0009196994139347225,0.0690790728721071,0.9759673407077789,0.05784661965817213,1.4165258572101593
162,596.0,149.0,224.91804313659668,74500,0.9322109375,0.2088427019417286,-97.53314309692382,-2.0,0.765140061378479,-0.0002632472615223378,0.06920427672793102,0.9751303668022155,0.057584261298179625,1.3708207490444184
163,601.0,150.0,,75000,0.9383359375,0.20545276379585267,-97.67231567382812,-2.0,0.7444067306518555,-0.0015694176615215839,0.06941216488201891,0.9757807847261429,0.05804053968936205,1.349084930419922
164,,,268.54887866973877,75000,,,,,,,,,,
165,607.0,151.0,224.90123414993286,75500,0.93258203125,0.20289325150847434,-98.02673016357421,-2.0,0.7420815391540527,-0.0005207902619149536,0.0696656133489648,0.9749417213201523,0.05859474352002144,1.3284745272397995
166,619.0,152.0,225.11471796035767,76000,0.93976953125,0.2054001814723015,-98.2520213317871,-2.0,0.739050085067749,-0.0005202090586535632,0.0697282547753417,0.9758718630075455,0.06167029931396246,1.2901338760852814
167,609.0,153.0,224.6039958000183,76500,0.93855078125,0.21078086951375008,-98.7303759765625,-2.0,0.7370852346420288,-0.0018145690225064755,0.07011456935162806,0.9752639034986496,0.06380927079170942,1.2697006903886796
168,602.0,154.0,224.8318157196045,77000,0.93962890625,0.20751253885030746,-99.08175415039062,-2.0,0.7377587254047394,-0.0013972155202645808,0.07053441321249214,0.9755313646793365,0.06458182515949011,1.2343774238824845
169,614.0,155.0,224.62555813789368,77500,0.94465234375,0.20442543470859528,-99.06622521972656,-2.0,0.7401600742340088,-0.0007784326726105064,0.0707487993190495,0.9754025883674622,0.0663224248290062,1.2136831258535385
170,604.0,156.0,224.85356760025024,78000,0.94803125,0.20464799839258194,-99.21228656005859,-2.0,0.7522672147750854,2.076382120139897e-05,0.07086974509287072,0.9749126218557358,0.06695212964713573,1.1793572427034378
171,608.0,157.0,225.31136655807495,78500,0.9479140625,0.2019600622355938,-99.39414688110351,-2.0,0.7287672595977783,-0.0021290817714761942,0.07109291500100878,0.9753010535240173,0.06883853127062321,1.1600078085660934
172,601.0,158.0,225.5716094970703,79000,0.95076953125,0.19834777748584748,-99.37088156127929,-2.0,0.7310362029075622,-0.0008420010008849204,0.07154395581738464,0.9752782266139984,0.06841701167821884,1.1259719976186753
173,619.0,159.0,225.06411170959473,79500,0.94943359375,0.2087543074786663,-99.25736386108399,-2.0,0.7341844575405121,-0.0006797318644821644,0.07162912119795312,0.9746324541568756,0.06867362844944,1.1011149797439574
174,608.0,160.0,,80000,0.9505,0.19833005458116532,-99.55005053710937,-2.0,0.7292480063438416,-0.001043984977528453,0.07190467853266784,0.9747900784015655,0.07014777827262879,1.0696575920581817
175,,,268.70469975471497,80000,,,,,,,,,,
176,614.0,161.0,224.82918572425842,80500,0.952609375,0.2006628101170063,-99.75818176269532,-2.0,0.7060379843711853,-0.0012618271394167096,0.0721526424588043,0.974722074508667,0.07099704699218273,1.0454563137292863
177,630.0,162.0,225.1430151462555,81000,0.95260546875,0.2013579714000225,-99.67466116333007,-2.0,0.7112989249229431,-0.002038876975653693,0.07257290155337802,0.9739650872945785,0.07280931866168976,1.0145383406877517
178,622.0,163.0,225.36844444274902,81500,0.95570703125,0.19535594695806505,-99.98732693481445,-2.0,0.7204440386295319,-0.0009716625409200788,0.07299225417226281,0.9741780799627304,0.07431356707215309,0.9914576213359833
179,609.0,164.0,225.31412410736084,82000,0.957390625,0.2083658672273159,-100.33868927001953,-2.0,0.7133998482227325,-0.0018254215645138175,0.07333146230065461,0.9742460339069366,0.07646209873259067,0.9607875933647155
180,621.0,165.0,225.31046867370605,82500,0.9610859375,0.19490406078100203,-100.42100930786133,-2.0,0.703314477443695,-0.0004949399346951396,0.07366576280383544,0.9742301471233368,0.0775080045312643,0.9409459068775177
181,617.0,166.0,224.8246192932129,83000,0.96308203125,0.19826374104619027,-100.44777340698242,-2.0,0.7082069206237793,-0.000998381280573085,0.07381759904865413,0.973452102303505,0.07874256105720998,0.9124340105056763
182,624.0,167.0,224.66523003578186,83500,0.9652421875,0.20389436933398247,-100.54534869384766,-2.0,0.7041608314514161,-0.0008916790212970227,0.07401292479983813,0.9735816005468368,0.0793061450868845,0.8817682327032089
183,616.0,168.0,224.96514081954956,84000,0.9664296875,0.1981246255338192,-100.52345123291016,-2.0,0.6987581136226654,-0.000774240090046078,0.07423132059757301,0.9737323644161224,0.08002879691123962,0.8600055505037307
184,620.0,169.0,224.97558522224426,84500,0.96928515625,0.1952318593263626,-100.31572241210938,-2.0,0.7048517694473266,0.00038987091346643867,0.07433112153678333,0.973320078253746,0.08058289116621017,0.8366914020776749
185,615.0,170.0,,85000,0.97141796875,0.1975978743135929,-100.52992330932616,-2.0,0.6936278896331787,0.00019119598576799036,0.07419847772054773,0.9728212904930115,0.08116417180001735,0.8091448348760605
186,,,268.56552839279175,85000,,,,,,,,,,
187,604.0,171.0,225.4556167125702,85500,0.97223046875,0.19431821170449257,-100.90276333618164,-2.0,0.6765566222667694,-0.0008655164868105203,0.07432033288833295,0.9729685069322586,0.08300124423205853,0.7906060855388641
188,618.0,172.0,225.06935214996338,86000,0.97323046875,0.19550476586818696,-100.99975601196289,-2.0,0.675744868516922,-0.0008686418561264873,0.07451969840113945,0.9725235800743103,0.08437902194261551,0.7651003959178925
189,616.0,173.0,225.14017176628113,86500,0.97229296875,0.2010082597732544,-101.13661907958985,-2.0,0.6813908414840698,-0.0009923145966604353,0.07478492968997638,0.9727910078763962,0.08569255688786506,0.740507075548172
190,625.0,174.0,225.5015904903412,87000,0.97113671875,0.19310580039024353,-101.19248565673828,-2.0,0.6831317119598389,-0.0019497175221331417,0.07509328374460253,0.9726911039352417,0.0888496535718441,0.709366980791092
191,627.0,175.0,225.2972810268402,87500,0.9747890625,0.20112240943312645,-101.24502111816406,-2.0,0.6743894066810608,-0.0016019234084524215,0.07549950793613876,0.9724620176553727,0.09105536945164204,0.6771595519185066
192,617.0,176.0,225.15072560310364,88000,0.9789765625,0.20345379257202148,-101.26404959106445,-2.0,0.6713845517635345,-0.0009413872121367603,0.07587754096340624,0.972513558268547,0.09217080143094063,0.6566215330362319
193,625.0,177.0,225.20913100242615,88500,0.9771640625,0.20016586950421333,-101.34054522705078,-2.0,0.6789517467021942,-0.00012976263440214096,0.07603873769624019,0.9724581810235977,0.09088615959882736,0.6284690733551979
194,609.0,178.0,225.09968614578247,89000,0.97803515625,0.19474145901203155,-101.25470629882813,-2.0,0.6736173310279846,-0.0009889654843136667,0.07613502844647813,0.972315927028656,0.09233675456047058,0.6114576213359832
195,626.0,179.0,226.0281481742859,89500,0.98219140625,0.19407142126560212,-101.2659577331543,-2.0,0.657418468117714,-0.0014839723170734943,0.07647491713515592,0.9721135349273682,0.09496286976337433,0.5849664477705956
196,631.0,180.0,,90000,0.98145703125,0.1953691671192646,-101.29464877319336,-2.0,0.6611571443080902,-0.0009532692246139049,0.07676035496531575,0.9719641377925873,0.09600954581797123,0.5670509526729584
197,,,269.08166217803955,90000,,,,,,,,,,
198,622.0,181.0,225.62348675727844,90500,0.983265625,0.19432484930753707,-101.38425549316406,-2.0,0.6718837766647339,-0.0011132823461666704,0.07699012972391571,0.9720651985406875,0.09882585425674915,0.5432745263576507
199,623.0,182.0,225.45397973060608,91000,0.98701171875,0.18969266366958618,-101.49463647460938,-2.0,0.6617184422016144,0.00026899390085600316,0.077161889424558,0.9724089277982711,0.1012652013450861,0.5193005023598671
200,625.0,183.0,225.17446875572205,91500,0.98581640625,0.18576065096259117,-101.36838189697265,-2.0,0.6641212794780731,-0.00031756696733646096,0.077073911825191,0.9729104058742524,0.10005668491125107,0.49342697846889494
201,623.0,184.0,225.14532828330994,92000,0.992,0.1954306322336197,-101.39713916015624,-2.0,0.6573521592617035,0.0003660821721423417,0.07712307533306978,0.9724098525047302,0.10250899650156498,0.47351812916994096
202,612.0,185.0,225.25765419006348,92500,0.98898046875,0.19418267473578454,-101.61359286499024,-2.0,0.6380749022960663,-0.0013764816587790846,0.07729018115688625,0.9721945647001267,0.10214570640027523,0.4487254121899605
203,630.0,186.0,225.57418704032898,93000,0.9905390625,0.1894827938377857,-101.44485238647461,-2.0,0.653767617225647,-0.002155788263771683,0.07776198573064279,0.9725836312770844,0.10583922630548477,0.43232621884346006
204,625.0,187.0,225.34016346931458,93500,0.99412109375,0.19592039027810096,-101.4313461303711,-2.0,0.645174791097641,-0.0006488417191430927,0.07800823956457924,0.9719151766300201,0.10614669334888459,0.40554869556427003
205,620.0,188.0,225.04931616783142,94000,0.99048828125,0.19093086516857147,-101.41570706176758,-2.0,0.6384545185565949,-0.0007910911021754146,0.07817332803535727,0.9718995442390442,0.1072305695861578,0.3878555215001106
206,623.0,189.0,225.53686141967773,94500,0.99461328125,0.186512687087059,-101.31102987670899,-2.0,0.6293800199031829,-0.0010386643246747553,0.07845787784788359,0.9717745207548142,0.10969905969500542,0.3660833480656147
207,626.0,190.0,,95000,0.9970546875,0.2059928036034107,-101.68337060546875,-2.0,0.6334079484939575,-0.0015818888023495675,0.07878717236953645,0.9717302403450012,0.11425228004157544,0.34288488695025443
208,,,269.30197262763977,95000,,,,,,,,,,
209,630.0,191.0,225.5615940093994,95500,0.9986953125,0.19230313050746917,-102.13396530151367,-2.0,0.6362606129646301,-0.002717638781061396,0.07925960711026273,0.9715430299043656,0.11361385583877563,0.3224040850996971
210,633.0,192.0,224.9172432422638,96000,0.99943359375,0.19565487933158873,-102.12396551513672,-2.0,0.6450635929107666,-0.0018730682679452002,0.07987461817166791,0.9710826083421707,0.11351899138092994,0.30218117743730544
211,628.0,193.0,225.30943369865417,96500,1.00495703125,0.19707610574364662,-102.40306491088867,-2.0,0.6299635204076767,-0.0018150132037699222,0.08040155948169131,0.971522718667984,0.11764259114861489,0.28265133744478227
212,621.0,194.0,225.1872477531433,97000,1.00121484375,0.19473534405231477,-102.67223150634766,-2.0,0.6295330452919007,-0.0015540289434138686,0.08086313752517904,0.9711324572563171,0.11921851055324077,0.2640382196009159
213,630.0,195.0,225.54855632781982,97500,1.00034765625,0.19692434519529342,-102.72134716796874,-2.0,0.6333277719020843,-0.0010644812418613583,0.08109581250020358,0.9704649504423142,0.12008885645866393,0.25320682883262635
214,631.0,196.0,225.2081687450409,98000,1.00524609375,0.1904368024468422,-102.78531066894531,-2.0,0.6285280424356461,0.00015656298049725593,0.08124006919541268,0.9705830732584,0.12261301685869694,0.23407917243242263
215,623.0,197.0,225.36357951164246,98500,1.00898046875,0.19414081078767775,-102.31641577148437,-2.0,0.6399234782457351,-0.00172730880882591,0.08146889443724456,0.969741751074791,0.12742006655037402,0.2288922968506813
216,626.0,198.0,225.58733439445496,99000,1.007015625,0.19000459814071655,-101.9898385925293,-2.0,0.6388651065826416,7.854097546078264e-05,0.08156201157208331,0.9707752678394318,0.12818703565001488,0.20606413647532462
217,627.0,199.0,225.00113010406494,99500,1.0066640625,0.18570432338118553,-101.52697729492188,-2.0,0.6212089216709137,-0.001837240384425968,0.08185159471191696,0.9696751530170441,0.13166242964565755,0.20056853359937668
218,625.0,200.0,,99999,1.0106619488977955,0.18752361454801234,-100.70982461547851,-2.0,0.6389919228553772,-6.87375939451158e-05,0.08203892089284531,0.9678663594689302,0.12614026062474223,0.20271187781809805
