,L1,CE,step
0,0.13732915073633195,1.1786370611190795,1100
1,0.13874365746974945,0.7708245652914048,1200
2,0.14291637092828752,0.5176812183856964,1300
3,0.14580959603190422,0.24829313337802886,1400
4,0.1481093445420265,0.14616370499134063,1500
5,0.14785940289497376,0.2169264753162861,1600
6,0.13282320603728295,0.2772389270365238,1700
7,0.1199373510479927,0.16398190654814243,1800
8,0.10865134865045548,0.08649397473782301,1900
9,0.09987339034676551,0.1079107540100813,2000
10,0.09473147429525852,0.11366788439452648,2100
11,0.09205819457769394,0.09540400870144367,2200
12,0.09029697813093662,0.07203873269259929,2300
13,0.08971831507980824,0.04995352409780025,2400
14,0.08817733302712441,0.038449993692338466,2500
15,0.08708437964320183,0.03035887924954295,2600
16,0.08541945748031139,0.024078463800251484,2700
17,0.08508958272635937,0.031535514574497936,2800
18,0.08434835195541382,0.04392035983502865,2900
19,0.08347192093729973,0.032673808205872776,3000
20,0.08280856989324092,0.027576573248952626,3100
21,0.0818167594820261,0.02300577474758029,3200
22,0.08086189649999141,0.020496504046022893,3300
23,0.08027186743915081,0.02196105383336544,3400
24,0.08025004580616951,0.01779878684319556,3500
25,0.07958020061254502,0.020410898420959712,3600
26,0.07877496182918549,0.020488429749384522,3700
27,0.07856625862419606,0.015387859540060162,3800
28,0.07775433778762818,0.017102153785526753,3900
29,0.07724702209234238,0.014264822816476225,4000
30,0.07653730355203152,0.014836444277316332,4100
31,0.07689005635678768,0.01334314975887537,4200
32,0.07553898200392722,0.0132268756814301,4300
33,0.07539988666772843,0.012301519205793738,4400
34,0.0751887809485197,0.012934221103787422,4500
35,0.07481063917279243,0.01074556953739375,4600
36,0.07413310952484607,0.009623749079182745,4700
37,0.07383644603192806,0.009623999949544668,4800
38,0.07375814959406853,0.008311373414471745,4900
39,0.07292933039367198,0.00984649709891528,5000
40,0.07290385626256465,0.008001153282821178,5100
41,0.07278368264436721,0.00720441123470664,5200
42,0.07269457057118416,0.00732956659514457,5300
43,0.07204985685646534,0.00613965755328536,5400
44,0.0725355339050293,0.006821803920902311,5500
45,0.07170099668204784,0.006672484120354056,5600
46,0.07213086977601052,0.005516676108818501,5700
47,0.07070666112005711,0.005557380425743759,5800
48,0.07060038603842259,0.005384718813002109,5900
49,0.07020628660917282,0.003985877407249063,6000
50,0.07012781105935574,0.00438291973201558,6100
51,0.07014522030949592,0.004110232077073306,6200
52,0.0693956633657217,0.0036997335171326997,6300
53,0.06932147838175297,0.004203693389426917,6400
54,0.06884956076741218,0.003652131804265082,6500
55,0.06824626810848713,0.003216645596548915,6600
56,0.06822658330202103,0.00295222767512314,6700
57,0.06863225437700748,0.002467593539040536,6800
58,0.0677756980061531,0.002315281309420243,6900
59,0.06778946034610271,0.002680140265729278,7000
60,0.06768973439931869,0.00210179997025989,7100
61,0.06732495717704295,0.00257730862707831,7200
62,0.0674964165687561,0.002051662119338289,7300
63,0.06702965296804905,0.0028860286134295165,7400
64,0.0665676648169756,0.002208062973804772,7500
65,0.06631802275776863,0.0024457122280728072,7600
66,0.06644860841333866,0.0030480078142136337,7700
67,0.0668418651074171,0.0020836257294286043,7800
68,0.06613779574632644,0.0021797833091113717,7900
69,0.0665995642542839,0.002160125981317833,8000
70,0.06581477202475071,0.0016224360809428617,8100
71,0.06616710379719734,0.0014682987931882963,8200
72,0.0655992003530264,0.001872993111028336,8300
73,0.06518821515142918,0.0017686368845170363,8400
74,0.06537560455501079,0.0011480440816376359,8500
75,0.06507396791130304,0.0014209457067772746,8600
76,0.06492304258048534,0.001344110950594768,8700
77,0.06483131773769855,0.0011449098883895203,8800
78,0.06477538000792266,0.0011834070843178778,8900
79,0.06436089720577001,0.0012483257876010612,9000
80,0.06614801030606031,0.0009914554288843647,9100
81,0.0647655176743865,0.0008349698374513537,9200
82,0.06429618641734124,0.0007940434507327154,9300
83,0.06438164912164211,0.0008791789744282141,9400
84,0.06482352152466773,0.0009947994694812223,9500
85,0.06523032017052173,0.0007174099347321317,9600
86,0.06402518440037966,0.0009736350481398404,9700
87,0.06383062597364188,0.0007368375672376715,9800
88,0.0634809698164463,0.0012320270627969876,9900
89,0.06331609774380922,0.0006561081850668415,10000
90,0.06351029220968485,0.0007400730680092237,10100
91,0.06362264845520257,0.0007946691763936541,10200
92,0.06405611827969551,0.0008207035416853614,10300
93,0.06268944390118122,0.0009125727065838874,10400
94,0.06307995561510324,0.0005718503778916784,10500
95,0.06274542670696974,0.0005545111850369721,10600
96,0.06311998903751373,0.0005308759858598933,10700
97,0.06257764354348183,0.0010544358589686454,10800
98,0.062174336835742,0.0005678465700475499,10900
99,0.06250612996518612,0.0013641439101775177,11000
100,0.061833140589296814,0.0005098970781546086,11100
101,0.06253900490701199,0.0005733528334531002,11200
102,0.06163717873394489,0.0006755337116192095,11300
103,0.06191492259502411,0.0003814985157805495,11400
104,0.061726577132940295,0.00047301281796535477,11500
105,0.0617118538543582,0.0004036062456725631,11600
106,0.06162071976810694,0.0007333117208327167,11700
107,0.06125435087829828,0.00040739426578511483,11800
108,0.0619055263325572,0.00035825111350277437,11900
109,0.06177717685699463,0.0005165976342686918,12000
110,0.061129182055592535,0.000569037157256389,12100
111,0.0612560499086976,0.0007893972331658005,12200
112,0.060987201370298866,0.0005653981635987293,12300
113,0.06094818506389856,0.0004529573791660368,12400
114,0.061472337879240516,0.000847942299587885,12500
115,0.06072926595807075,0.0007020401828049216,12600
116,0.06061216369271279,0.0008876567930565216,12700
117,0.061712945848703384,0.0004931341965857428,12800
118,0.06041712075471878,0.00047271096002077684,12900
119,0.06020935989916325,0.0002838419881300069,13000
120,0.061579883210361,0.0004475135034590494,13100
121,0.060195555165410045,0.00023825392876460682,13200
122,0.06016300573945046,0.00034442154596035833,13300
123,0.060260938704013826,0.0002842252762638964,13400
124,0.06032580241560936,0.0005046776059316471,13500
125,0.060464629419147965,0.00025465515951509586,13600
126,0.0601010911166668,0.00022221738632651977,13700
127,0.060385447107255456,0.0004783713389042532,13800
128,0.059678364284336566,0.00016910062280658166,13900
129,0.05947486769407988,0.0001785648708755616,14000
130,0.05937215402722359,0.00020474182027101052,14100
131,0.060702119283378125,0.00018444371424266136,14200
132,0.05963556259870529,0.0004245859996444779,14300
133,0.05938485760241747,0.0003785715355479624,14400
134,0.059172149188816546,0.00017995963178691455,14500
135,0.05964010275900364,0.00041213064425392075,14600
136,0.05903031941503287,0.0001757157204701798,14700
137,0.059160794951021674,0.0003964701117365621,14800
138,0.05893715292215347,0.00019013206809177064,14900
139,0.058979901298880574,0.00017662083395407534,15000
140,0.0590285574272275,0.00016588379781751428,15100
141,0.0599390097334981,0.0003223088855156675,15200
142,0.058437765762209895,0.00037412854639114814,15300
143,0.05879900466650725,0.0005709319106244948,15400
144,0.05840917397290468,0.00033390114003850613,15500
145,0.05841249193996191,0.0004213609416910913,15600
146,0.058412822484970095,0.0005555081622878788,15700
147,0.058241285793483255,0.0001688714645570144,15800
148,0.058545214161276816,0.0005100522374414141,15900
149,0.05808260630816221,0.00018239387121866458,16000
150,0.05811047162860632,0.00041349553866893985,16100
151,0.05887289620935917,0.00022524756597704253,16200
152,0.05817244660109282,0.00045996630033187105,16300
153,0.05789581269025803,0.0005783614993561059,16400
154,0.058020997978746894,0.00020580072232405654,16500
155,0.058124483413994316,0.00015461760900507216,16600
156,0.05815095029771328,0.00011915501738258172,16700
157,0.058023798279464245,0.00012781052504578838,16800
158,0.05845626581460237,0.00012378460600302786,16900
159,0.05776296656578779,0.00013293810305185617,17000
160,0.05792609974741936,0.0001179435206722701,17100
161,0.05786170531064272,0.0001139393795892829,17200
162,0.0572641883790493,0.00010203527934208978,17300
163,0.05770396828651428,0.0003817772942056763,17400
164,0.05769258350133896,0.00010824007898918353,17500
165,0.05772539369761944,8.45398428646149e-05,17600
166,0.05799277685582638,9.023054815770592e-05,17700
167,0.05734090942889452,0.0001307045705470955,17800
168,0.05750481840223074,0.00010433285417093429,17900
169,0.05712047424167395,0.00032019728681916606,18000
170,0.05697708025574684,0.0003451503026371938,18100
171,0.05734334297478199,8.007000800716924e-05,18200
172,0.05715425904840231,0.00010147894241526955,18300
173,0.05699116420000792,9.74743824917823e-05,18400
174,0.05726264730095863,0.000344263135411893,18500
175,0.05674211487174034,0.0002862518228357658,18600
176,0.056975261978805064,9.078442428290146e-05,18700
177,0.05699160244315862,0.00010968553837301443,18800
178,0.056885583810508254,0.000310442651680205,18900
179,0.05666518408805132,8.665466426464263e-05,19000
180,0.05667375814169645,7.444673014106229e-05,19100
181,0.05670498311519623,0.00031314805746660566,19200
182,0.05685499057173729,8.462729147140635e-05,19300
183,0.056624234467744824,7.840551777917426e-05,19400
184,0.05623054083436727,9.533737051242497e-05,19500
185,0.056487291529774664,8.633805489807855e-05,19600
186,0.056493142433464524,6.88275011270889e-05,19700
187,0.056303715147078034,7.349245875957421e-05,19800
188,0.05627784252166748,6.901579637997202e-05,19900
189,0.05645367857068777,6.484792775154346e-05,20000
190,0.05662255939096213,5.417055259385961e-05,20100
191,0.056115059666335586,6.541241833474487e-05,20200
192,0.055819524303078655,6.136713172963937e-05,20300
193,0.05567473396658897,6.733146654369193e-05,20400
194,0.056287618093192576,5.2538953914336164e-05,20500
195,0.05600241735577583,5.7726940976863265e-05,20600
196,0.055886893235147,4.4193558424012735e-05,20700
197,0.05614231090992689,0.0003332702258921927,20800
198,0.05619628969579935,3.868222413075273e-05,20900
199,0.05569886770099401,0.0003190247287966486,21000
200,0.05572469040751457,3.4859519964811624e-05,21100
201,0.05576928421854973,5.089762596981018e-05,21200
202,0.05614131893962622,5.244091993517941e-05,21300
203,0.05573995903134346,0.00030966211854320134,21400
204,0.05537472732365131,8.203023120586295e-05,21500
205,0.05535819735378027,9.588543172867503e-05,21600
206,0.05508017763495445,0.00032163239087822147,21700
207,0.05548692047595978,8.352146473043831e-05,21800
208,0.05553626928478479,0.00011193497401109198,21900
209,0.05543271128088236,9.523779288429069e-05,22000
210,0.05584787640720606,0.00010237754511763342,22100
211,0.054896900877356526,8.81971774288104e-05,22200
212,0.055726152323186395,8.08991312442231e-05,22300
213,0.05498456813395023,0.0002749446078087203,22400
214,0.0550381363928318,8.921052118239459e-05,22500
215,0.05464705560356378,9.647154241974931e-05,22600
216,0.05487224470824003,0.0001023056854319293,22700
217,0.0551070099696517,0.0003685771638993174,22800
218,0.054879882782697675,0.0005222867190241232,22900
219,0.0553871563822031,0.00010784554466226837,23000
220,0.05481156174093485,9.009598776174243e-05,23100
221,0.054704463705420495,0.00011509898522490402,23200
222,0.05475365292280912,0.00011578366978937992,23300
223,0.05432439640164375,0.00027394128981541145,23400
224,0.05458908934146166,0.00012927432922879234,23500
225,0.054935263730585576,0.0002796104777735309,23600
226,0.05464930925518274,0.0003716072390670888,23700
227,0.054666360802948476,0.0004258097690399154,23800
228,0.05471622299402952,0.00014288359841884812,23900
229,0.05407642684876919,0.0003505667659192113,24000
230,0.05424485418945551,0.00014424001878069248,24100
231,0.05425958380103111,0.0003894037996724364,24200
232,0.05452101852744818,0.00014902681436069543,24300
233,0.05420755073428154,0.00015790105160704116,24400
234,0.05432181630283594,0.00013111626285535749,24500
235,0.05345097463577986,0.00014538911935233045,24600
236,0.05405676934868097,0.00014486828269582474,24700
237,0.05460573043674231,0.0001434703727863962,24800
238,0.05440379027277231,0.0003096082215779461,24900
239,0.053570132292807104,0.00014804390419158154,25000
240,0.053865319192409514,0.00013608883033157328,25100
241,0.053541066758334636,0.00033296503992460204,25200
242,0.05317010425031185,0.00010866028256714344,25300
243,0.053750591538846496,0.00011556222805666039,25400
244,0.05381572924554348,0.000113060840194521,25500
245,0.05327692370861769,0.0001368371674834634,25600
246,0.05364135969430208,0.00036397120886249467,25700
247,0.05372270070016384,0.00012055116709234425,25800
248,0.05357537269592285,0.00036115060163865564,25900
249,0.05305745083838701,0.00012127633097406942,26000
250,0.0536604417860508,0.00011226613351027482,26100
251,0.0530483927950263,0.00012097860748326639,26200
252,0.05351302303373814,9.876960200926987e-05,26300
253,0.05300573524087668,0.00011313051425531739,26400
254,0.05329274520277977,0.00011511696706293151,26500
255,0.054991680793464184,0.0001195423541139462,26600
256,0.052576305978000164,0.00010569609890808352,26700
257,0.05277615815401077,9.977388854167656e-05,26800
258,0.05369518917053938,0.00025184916321450144,26900
259,0.052599940448999405,0.00010610737412207527,27000
260,0.05255701251327991,0.0002895807185632293,27100
261,0.05300232358276844,7.993326580617577e-05,27200
262,0.05273856393992901,0.00010764316579297883,27300
263,0.052838754542171955,8.753411573707126e-05,27400
264,0.0524434395134449,9.485794689680915e-05,27500
265,0.05295179430395365,0.00030381686963664833,27600
266,0.05260310865938664,9.092219843296335e-05,27700
267,0.052679961919784545,7.713079070526873e-05,27800
268,0.05255429804325104,7.958551821502625e-05,27900
269,0.05260111890733242,7.421838643494993e-05,28000
270,0.05260872475802898,8.125863714667503e-05,28100
271,0.054102868363261225,7.877701511461055e-05,28200
272,0.05250627212226391,8.573824728955515e-05,28300
273,0.05347246963530779,6.586934712686343e-05,28400
274,0.052268153317272664,0.0002748589477778296,28500
275,0.0526348040625453,9.349449892397388e-05,28600
276,0.05234190862625837,6.282223714151769e-05,28700
277,0.05247321479022503,7.175881994044176e-05,28800
278,0.05228987745940685,6.649698727414943e-05,28900
279,0.05265623353421688,6.275190669839503e-05,29000
280,0.052446723207831385,0.00030507590583511045,29100
281,0.052242049425840376,5.75598121213261e-05,29200
282,0.052360308542847636,5.421488000138197e-05,29300
283,0.052092602960765365,6.619628145926982e-05,29400
284,0.05217671278864145,5.734373909945134e-05,29500
285,0.05217641700059175,5.423458054792718e-05,29600
286,0.05297185830771923,5.1922723268944534e-05,29700
287,0.05259532757103443,5.086236496936181e-05,29800
288,0.052039987072348595,5.394480933318846e-05,29900
289,0.05226386141031981,4.79013788390148e-05,30000
290,0.05203330837190151,5.4312523407134e-05,30100
291,0.051974196918308735,5.0421187661413567e-05,30200
292,0.05229800514876842,4.784538696185336e-05,30300
293,0.05195944860577583,5.364022035792004e-05,30400
294,0.05176335718482733,5.270165112960967e-05,30500
295,0.05205176707357168,0.0002986612295353552,30600
296,0.05197449695318937,5.2765834534511666e-05,30700
297,0.052033205330371854,4.3150571837031745e-05,30800
298,0.05270801477134228,3.803515570325544e-05,30900
299,0.05150395024567842,5.58931579325872e-05,31000
300,0.051885325275361535,0.0004584635721948871,31100
301,0.05229161813855171,5.658747664710973e-05,31200
302,0.05142296846956015,4.628707178198965e-05,31300
303,0.05174078743904829,4.402239428600296e-05,31400
304,0.05135776448994875,5.1610168084152976e-05,31500
305,0.05161058258265257,4.079708840436069e-05,31600
306,0.05195907894521952,4.0470279436704004e-05,31700
307,0.05202806618064642,3.939120958420972e-05,31800
308,0.052662306539714335,4.0624833054607734e-05,31900
309,0.05299957685172558,4.568509756609274e-05,32000
310,0.051652611307799814,3.733732770342613e-05,32100
311,0.05132842693477869,3.527313623635564e-05,32200
312,0.05134804021567106,0.00020851895283158228,32300
313,0.05144194215536117,4.487506057557766e-05,32400
314,0.0519703446701169,0.00029289797301316865,32500
315,0.05120112419128418,3.110141818069678e-05,32600
316,0.051224202550947666,4.0515948967367876e-05,32700
317,0.05108398094773293,3.669075609650463e-05,32800
318,0.05114075191318989,4.1104076117335354e-05,32900
319,0.05158101554960012,4.1296158915429256e-05,33000
320,0.0519605452939868,3.554491082468303e-05,33100
321,0.05244409244507551,3.816050985733455e-05,33200
322,0.05107373971492052,0.00025242343464924486,33300
323,0.05097883902490139,0.00024641216710733713,33400
324,0.051067119166255,3.612490840168903e-05,33500
325,0.05169460240751505,3.839605787106848e-05,33600
326,0.05139998029917479,3.759473225727561e-05,33700
327,0.05152995306998491,3.5536897157726344e-05,33800
328,0.05079395167529583,3.1170557158475275e-05,33900
329,0.0508534987270832,3.233600897146971e-05,34000
330,0.05097464945167303,3.8179598304850516e-05,34100
331,0.051557269059121606,3.1343254249804886e-05,34200
332,0.05082943595945835,3.2603992822259896e-05,34300
333,0.05106562208384276,3.572308449292905e-05,34400
334,0.050953955315053465,0.0002675825808546506,34500
335,0.05179461415857076,3.043590005290753e-05,34600
336,0.050875847972929475,3.1447870987904026e-05,34700
337,0.0512645510584116,2.8864251526101725e-05,34800
338,0.05098097153007984,2.577190147349029e-05,34900
339,0.05065637938678265,2.78607238396944e-05,35000
340,0.050995776541531083,2.5744954054971458e-05,35100
341,0.050711841583251954,2.6598867216307553e-05,35200
342,0.05058078646659851,2.8807949865949924e-05,35300
343,0.05080665674060583,2.6651981488612365e-05,35400
344,0.050888992436230185,2.512106743779441e-05,35500
345,0.050718816556036474,3.3900472299137615e-05,35600
346,0.05079533647745848,2.8479859165599918e-05,35700
347,0.05057689975947142,2.401783493041876e-05,35800
348,0.050560369864106176,2.0955109130227355e-05,35900
349,0.05048815358430147,2.664620432369702e-05,36000
350,0.05096830863505602,0.00022238513401134696,36100
351,0.05077720448374748,2.284125752339605e-05,36200
352,0.05116714369505644,2.2639186281594447e-05,36300
353,0.05071440506726503,2.4125501213347888e-05,36400
354,0.05017217099666595,2.1984009008519935e-05,36500
355,0.05036207459867001,2.1677293116226792e-05,36600
356,0.05083466973155737,2.2669526488243718e-05,36700
357,0.050844942331314084,2.7784288995462703e-05,36800
358,0.05052963797003031,3.0010004502400987e-05,36900
359,0.05047901436686516,2.619078447423817e-05,37000
360,0.05003999173641205,2.0601466512744083e-05,37100
361,0.050751519054174424,2.2646348970738472e-05,37200
362,0.05058472849428654,2.4318445421158687e-05,37300
363,0.05022469956427813,2.1888080718781568e-05,37400
364,0.050246454775333405,2.796428469082457e-05,37500
365,0.04998138204216957,2.931348647507548e-05,37600
366,0.05021528262645006,2.1567168723777285e-05,37700
367,0.05013296686112881,1.7667356705715064e-05,37800
368,0.04989159066230059,1.5811760276847054e-05,37900
369,0.05050474788993597,5.784288970062335e-05,38000
370,0.05030126594007015,1.896775244404125e-05,38100
371,0.05030366793274879,2.4192901100832387e-05,38200
372,0.05089041486382485,0.0002454996721826319,38300
373,0.049786888770759104,2.0296587572374846e-05,38400
374,0.05014587987214327,1.5573036025671173e-05,38500
375,0.050476456098258494,1.6733487209421584e-05,38600
376,0.05000423703342676,0.0002134366197969939,38700
377,0.0498245033249259,0.00028262891339181806,38800
378,0.050491793788969515,0.00025620442182116676,38900
379,0.050033321008086204,2.7387542177166322e-05,39000
380,0.04978661175817251,2.1091510625410592e-05,39100
381,0.05104893237352371,1.8837742709365556e-05,39200
382,0.049908475019037724,1.570895188706345e-05,39300
383,0.049821120165288446,3.2394621075582106e-05,39400
384,0.04960706904530525,1.8498304038985226e-05,39500
385,0.049885313250124456,0.00025944317009816585,39600
386,0.04966774020344019,2.333425552023982e-05,39700
387,0.05085321649909019,2.4066257592494365e-05,39800
388,0.0498701911047101,2.044583871793293e-05,39900
389,0.04964173048734665,1.69284810363024e-05,40000
390,0.049549159780144694,1.797714237909531e-05,40100
391,0.04999890964478254,3.6358716406539316e-05,40200
392,0.04990377761423588,1.6563032713747815e-05,40300
393,0.0505245741084218,1.7452700590183667e-05,40400
394,0.04978373128920793,1.6179954236577032e-05,40500
395,0.04984972305595875,1.6256699877885696e-05,40600
396,0.04966376546770334,2.1578560458692665e-05,40700
397,0.049674190059304235,1.697232996320963e-05,40800
398,0.049511496238410474,2.8481970762186393e-05,40900
399,0.050080658793449404,1.3989773569846876e-05,41000
400,0.04983716782182455,1.8104328073604848e-05,41100
401,0.049631012827157976,1.6088780371319443e-05,41200
402,0.049264689348638056,2.5842497220764925e-05,41300
403,0.04953046597540379,2.0455990052141716e-05,41400
404,0.04944312646985054,5.3948248846609205e-05,41500
405,0.049223675914108755,2.0544363806038746e-05,41600
406,0.04997352067381144,2.9134889809938614e-05,41700
407,0.04919775769114494,1.495139467806439e-05,41800
408,0.04918948534876108,1.3519013627956155e-05,41900
409,0.050044434405863286,1.8572655822026718e-05,42000
410,0.049532849751412866,1.5616922769368103e-05,42100
411,0.05025701157748699,2.2361670330610652e-05,42200
412,0.04916703026741743,1.697499544661696e-05,42300
413,0.04911364458501339,1.4986921646595875e-05,42400
414,0.049256173819303514,1.7174097120005172e-05,42500
415,0.04917546939104796,1.691181968908495e-05,42600
416,0.04931977096945048,1.7548684490975573e-05,42700
417,0.04958668351173401,1.5481700124837516e-05,42800
418,0.04973055608570576,1.3954123078292469e-05,42900
419,0.04945925664156675,1.6133649046423672e-05,43000
420,0.04896260537207127,1.559667230139894e-05,43100
421,0.04878976255655289,2.072928741654323e-05,43200
422,0.04999272793531418,1.5772450969961936e-05,43300
423,0.048986953161656854,1.5253454525918642e-05,43400
424,0.04873344626277685,1.3442865197248466e-05,43500
425,0.05057563599199057,1.2706078432529467e-05,43600
426,0.04891296476125717,3.70323894867397e-05,43700
427,0.04943395331501961,1.1814666431746445e-05,43800
428,0.04894805919378996,1.3700175386475167e-05,43900
429,0.048816157169640065,1.295218020914035e-05,44000
430,0.04882773742079735,1.1165753285240499e-05,44100
431,0.04878517754375935,1.7200697361658967e-05,44200
432,0.04914886549115181,1.1116222995042335e-05,44300
433,0.049314510971307755,1.3700189938390395e-05,44400
434,0.04870740193873644,1.1267358827353746e-05,44500
435,0.048779969215393064,1.2532375480986956e-05,44600
436,0.04964383829385042,9.510190975561273e-06,44700
437,0.048725534342229364,1.3838589479746588e-05,44800
438,0.050765285082161424,1.2698648388322909e-05,44900
439,0.0488072944059968,1.2835896054639306e-05,45000
440,0.048293739967048166,1.1137436258650268e-05,45100
441,0.04880874767899513,1.2163461065028969e-05,45200
442,0.04987639512866735,1.0004315035985201e-05,45300
443,0.04869942881166935,1.473128046200145e-05,45400
444,0.04865803807973862,1.3517489624064182e-05,45500
445,0.04883861728012562,0.00024099253072563443,45600
446,0.04854920033365488,1.3084552811051254e-05,45700
447,0.04875872652977705,1.2027625539303699e-05,45800
448,0.04863757655024528,1.1316413924760127e-05,45900
449,0.04889183726161719,9.30609514398384e-06,46000
450,0.048718236759305,1.0867729733945453e-05,46100
451,0.048943277038633826,1.2376214458527102e-05,46200
452,0.048351888991892335,1.2557226459648519e-05,46300
453,0.04852146524935961,1.0311072351214534e-05,46400
454,0.04872733287513256,9.430716636416036e-06,46500
455,0.04829446267336607,9.30548478208948e-06,46600
456,0.048307483904063704,1.1708292252023966e-05,46700
457,0.0498096102848649,1.0323921037524996e-05,46800
458,0.048645678013563155,1.097408139230538e-05,46900
459,0.04846959296613931,1.1918147715732629e-05,47000
460,0.04867396365851164,1.4336567514874333e-05,47100
461,0.04823970474302769,9.33212486870616e-06,47200
462,0.04842076383531094,8.883983234682091e-06,47300
463,0.04816290691494942,8.877488430698578e-06,47400
464,0.048147517144680026,8.400395913668035e-06,47500
465,0.04820939544588328,8.153755502462445e-06,47600
466,0.04809656716883182,7.530826812853775e-06,47700
467,0.048463898450136184,9.304888214956008e-06,47800
468,0.048333317041397095,9.196315722874715e-06,47900
469,0.0481691525503993,8.089391913017608e-06,48000
470,0.04791213896125555,7.107478295438341e-06,48100
471,0.04847668197005987,7.012622024831216e-06,48200
472,0.0480375100299716,9.739379995608033e-06,48300
473,0.04820807483047247,7.482594139673893e-06,48400
474,0.04831274285912514,7.009505707173958e-06,48500
475,0.04778320841491222,8.235839036387915e-06,48600
476,0.048989686258137224,8.821321887353407e-06,48700
477,0.04824081189930439,1.321187343364727e-05,48800
478,0.0479719876870513,0.0002746522286065556,48900
479,0.04793650262057781,1.6071297336566205e-05,49000
480,0.0477270045503974,8.967480630417412e-06,49100
481,0.048314107805490496,8.11415968428264e-06,49200
482,0.047967132218182086,6.659523257894762e-06,49300
483,0.047633297741413116,5.718958263969398e-06,49400
484,0.04917121224105358,7.01689458992405e-06,49500
485,0.048380460068583486,7.186608277152118e-06,49600
486,0.0477565623447299,1.1146039864797786e-05,49700
487,0.0477872808650136,7.643534056569479e-06,49800
488,0.04820015400648117,9.38695985269078e-06,49900
489,0.047935434766113755,7.509291360747739e-06,50000
490,0.04781581792980433,8.082926949555258e-06,50100
491,0.04797251731157303,7.904658079951332e-06,50200
492,0.04753641441464424,9.822597544371092e-06,50300
493,0.04803705763071776,9.59450309892418e-06,50400
494,0.04775760609656572,1.1246158246649429e-05,50500
495,0.04750399477779865,7.139034614738194e-06,50600
496,0.04778591956943273,5.676783644048555e-06,50700
497,0.047909612506628035,8.096340775409771e-06,50800
498,0.0476746978238225,1.2736959104131528e-05,50900
499,0.04766761370003223,9.300367103151076e-06,51000
500,0.04787371780723333,7.522060793689889e-06,51100
501,0.04782248251140118,1.8517529761084005e-05,51200
502,0.047316700294613837,1.071702261469909e-05,51300
503,0.04769070621579886,8.09364632686993e-06,51400
504,0.047765323035418986,8.516519983459148e-06,51500
505,0.04746017284691334,1.0464272702392918e-05,51600
506,0.04830086141824722,1.539191633128212e-05,51700
507,0.04757776010781527,9.782630904737743e-06,51800
508,0.047779986076056956,9.755839919307618e-06,51900
509,0.047464251779019834,8.339740061273915e-06,52000
510,0.047579654194414615,8.195180919301493e-06,52100
511,0.04749568711966276,9.924059440891142e-06,52200
512,0.04736558500677347,8.985964045677974e-06,52300
513,0.0475455504655838,8.681005451762758e-06,52400
514,0.047292270474135874,7.87847313858947e-06,52500
515,0.04889015361666679,1.3001896822970594e-05,52600
516,0.047167652286589146,7.620108576702478e-06,52700
517,0.04706147901713848,7.724280324055144e-06,52800
518,0.04752497788518667,1.454556246244465e-05,52900
519,0.04742103949189186,6.79345391517927e-06,53000
520,0.04727307736873627,7.090212920957128e-06,53100
521,0.04705339424312115,6.006884611906571e-06,53200
522,0.04711985856294632,6.428628298635886e-06,53300
523,0.04724087625741959,6.646176323101827e-06,53400
524,0.048536592833697795,9.133663506872836e-06,53500
525,0.04706368893384934,7.037862167180719e-06,53600
526,0.0469801726937294,8.485677501539612e-06,53700
527,0.0471493611484766,6.245066542760469e-06,53800
528,0.047017786614596845,6.387757009633788e-06,53900
529,0.04757120247930288,5.458358609757852e-06,54000
530,0.047795916609466076,5.424562170901481e-06,54100
531,0.04696823809295893,6.556941741564515e-06,54200
532,0.047491123862564565,4.856115087932267e-06,54300
533,0.046868732161819936,5.393293831730262e-06,54400
534,0.04665383752435446,5.450720273074694e-06,54500
535,0.04775250263512135,6.179461869351144e-06,54600
536,0.04720471486449242,6.779663094675925e-06,54700
537,0.04701179809868336,7.681597423925268e-06,54800
538,0.04679461911320686,5.129617416059773e-06,54900
539,0.04718377854675054,4.618566022145387e-06,55000
540,0.04725789714604616,5.407241530974716e-06,55100
541,0.047054134011268615,4.717405998917457e-06,55200
542,0.04757803022861481,5.3339486055392626e-06,55300
543,0.04670656863600016,6.072798967124981e-06,55400
544,0.046711385697126385,3.735636647661522e-06,55500
545,0.046901831924915316,3.957381966301909e-06,55600
546,0.04690348170697689,5.764655861639767e-06,55700
547,0.04746806878596544,4.298127163337995e-06,55800
548,0.04707181975245476,5.058282619074817e-06,55900
549,0.04654371902346611,1.4397904300267328e-05,56000
550,0.04684581752866507,4.289338867238257e-06,56100
551,0.04679174456745386,4.2260942075245115e-06,56200
552,0.04722273550927639,5.581272072276988e-06,56300
553,0.046860370673239234,5.820040014441474e-06,56400
554,0.04709177616983652,4.612482972561338e-06,56500
555,0.046686200350523,4.1341416385876075e-06,56600
556,0.04632176171988249,3.8460646169369284e-06,56700
557,0.04680794019252062,4.662305140072931e-06,56800
558,0.04647763382643461,0.00023396159998242182,56900
559,0.04684311676770449,5.084942713438067e-06,57000
560,0.0467794444411993,4.560758403613363e-06,57100
561,0.0468731576949358,5.763955043676106e-06,57200
562,0.046887409314513205,4.790868424606742e-06,57300
563,0.04760705407708883,8.615611700406588e-06,57400
564,0.04610634572803974,5.153765505383489e-06,57500
565,0.046799214631319044,4.140432224630786e-06,57600
566,0.046739423833787444,4.168829450463818e-06,57700
567,0.04660150453448295,4.031360042517917e-06,57800
568,0.04646270621567965,4.031428525195224e-06,57900
569,0.046050407849252226,3.904722602783295e-06,58000
570,0.04677440594881773,4.3530312302664246e-06,58100
571,0.04716548826545477,3.901425543517689e-06,58200
572,0.04652482986450195,0.00029010809955593687,58300
573,0.04626664452254772,5.409683169546043e-06,58400
574,0.04629569858312607,5.258292151211208e-06,58500
575,0.04784950908273458,9.075589775875415e-06,58600
576,0.0460877226665616,5.847177008035942e-06,58700
577,0.0463133418187499,5.563198403706337e-06,58800
578,0.04628517240285873,4.853900254602194e-06,58900
579,0.04626980606466532,4.850475525017828e-06,59000
580,0.04632523350417614,4.76086229127759e-06,59100
581,0.04659166865050793,5.067820143267454e-06,59200
582,0.046483985520899294,5.31036724396472e-06,59300
583,0.04612588409334421,7.059539904048506e-06,59400
584,0.04610716711729765,4.407418115306427e-06,59500
585,0.046283832751214504,3.786349087704366e-06,59600
586,0.04614044182002544,0.00020256306475175735,59700
587,0.046097401343286035,5.408161900959385e-06,59800
588,0.046012938842177394,5.197158411647252e-06,59900
589,0.04608408112078905,4.987581819477782e-06,60000
590,0.046066828444600104,5.164835943105572e-06,60100
591,0.04621845833957195,4.3532649726785165e-06,60200
592,0.04749301355332136,5.142273221281357e-06,60300
593,0.04582053553313017,8.863231289524266e-06,60400
594,0.04644922558218241,5.5849354953352304e-06,60500
595,0.04600621107965708,7.860510506816354e-06,60600
596,0.045988786555826666,5.7064145289587035e-06,60700
597,0.04626829765737057,6.090809448551227e-06,60800
598,0.04580136436969042,0.00025189166264226513,60900
599,0.04644951153546572,6.10532980545031e-06,61000
600,0.04619763668626547,5.702897003629914e-06,61100
601,0.046224413737654686,7.011999346104858e-06,61200
602,0.046576140299439434,4.4739503414348295e-06,61300
603,0.04606081131845713,5.517024462733389e-06,61400
604,0.04583431724458933,3.897196477282705e-06,61500
605,0.04568621903657913,4.6548739840091e-06,61600
606,0.046036962382495404,3.5029782077344864e-06,61700
607,0.04576681610196829,4.688881000447509e-06,61800
608,0.046009612306952476,5.097883033613471e-06,61900
609,0.04617249585688114,0.00021865564322524734,62000
610,0.046653909645974635,6.3725408472237175e-06,62100
611,0.04579160928726196,6.292735502029246e-06,62200
612,0.04589404284954071,5.1183139748900434e-06,62300
613,0.04598403267562389,5.616122780338628e-06,62400
614,0.04568899687379599,5.284751023282297e-06,62500
615,0.04607224591076374,4.732308236725658e-06,62600
616,0.046094689369201663,0.00017775058705183256,62700
617,0.04555703815072775,6.337366867228411e-06,62800
618,0.045890605114400386,5.1155728237972655e-06,62900
619,0.04604110773652792,1.237556266687534e-05,63000
620,0.04599321119487285,7.6277068615127066e-06,63100
621,0.046001212634146214,6.931264454124175e-06,63200
622,0.045673501640558244,5.771412829744804e-06,63300
623,0.04578825123608112,5.694567130376527e-06,63400
624,0.04574666645377874,4.97849059456712e-06,63500
625,0.04689001176506281,6.860992314159375e-06,63600
626,0.04567547246813774,6.763089238575049e-06,63700
627,0.04553092632442713,1.3149929750397859e-05,63800
628,0.045979422032833096,7.106127748102154e-06,63900
629,0.04563888594508171,6.434616461774567e-06,64000
630,0.04579052299261093,5.439084554836882e-06,64100
631,0.04559860084205866,6.056069148598908e-06,64200
632,0.04628548219799995,6.262162211214672e-06,64300
633,0.04607462618499994,5.4263083654859655e-06,64400
634,0.04563419375568628,4.367731585261936e-06,64500
635,0.04526307735592127,4.449172234899379e-06,64600
636,0.04602862380445003,5.3750664505969326e-06,64700
637,0.04551666680723429,5.068509984766934e-06,64800
638,0.0453472525626421,4.495498131973363e-06,64900
639,0.04582966607064009,5.156089913498363e-06,65000
640,0.04549133036285639,5.446935973623112e-06,65100
641,0.04543824043124914,5.20711395665785e-06,65200
642,0.045553890131413935,5.598171208021086e-06,65300
643,0.045368801169097424,4.684343326744056e-06,65400
644,0.04802607297897339,4.491638906074513e-06,65500
645,0.045762103609740735,6.196067043902076e-06,65600
646,0.04538360629230738,5.9766257891169515e-06,65700
647,0.04527180720120669,6.234006928025338e-06,65800
648,0.04544691521674395,4.631322445902697e-06,65900
649,0.04546469110995531,5.594437330955771e-06,66000
650,0.04531991206109524,3.591766339923197e-06,66100
651,0.045536360889673236,4.357699527872682e-06,66200
652,0.045689411349594596,4.922468585846218e-06,66300
653,0.04527680169790983,4.414398625840477e-06,66400
654,0.04562191680073738,3.7023905770183776e-06,66500
655,0.04552446935325861,6.437276185806695e-06,66600
656,0.04551597680896521,4.833026804362817e-06,66700
657,0.04547155871987343,3.906177435055724e-06,66800
658,0.04519453555345535,3.988570454112051e-06,66900
659,0.045681548304855824,4.152050058792156e-06,67000
660,0.04614972598850727,5.551752208248217e-06,67100
661,0.04568162716925144,4.102381203665573e-06,67200
662,0.045702340118587016,5.215260504201069e-06,67300
663,0.04554802238941193,6.6492878647750335e-06,67400
664,0.04526640947908163,6.91674892550509e-06,67500
665,0.04675659716129303,4.484379918494596e-06,67600
666,0.04541643004864454,4.768019222183284e-06,67700
667,0.04527834240347147,9.084221592274843e-06,67800
668,0.04549987491220236,3.7956931350890953e-06,67900
669,0.04518772881478071,3.6324417135347177e-06,68000
670,0.04553557489067316,3.3769795959415205e-06,68100
671,0.045196312069892886,3.963693939113e-06,68200
672,0.04532192818820477,3.4225780871111056e-06,68300
673,0.04521085370332003,3.2089640444610266e-06,68400
674,0.045852401107549665,3.7630511235420272e-06,68500
675,0.04623417098075151,3.853332790413333e-06,68600
676,0.04583674728870392,4.111656548957398e-06,68700
677,0.04520954821258783,4.0330752631234645e-06,68800
678,0.04510223966091871,2.701842845453939e-06,68900
679,0.045602544695138934,3.3169903122143296e-06,69000
680,0.04523487403988838,4.353504890559634e-06,69100
681,0.04516875687986612,5.104674527274256e-06,69200
682,0.045115212127566334,4.395601820306183e-06,69300
683,0.04505551241338253,3.275776890632187e-06,69400
684,0.04576922442764044,3.2381152982452476e-06,69500
685,0.045233457684516906,3.989297230191369e-06,69600
686,0.04505897633731365,3.459275336581413e-06,69700
687,0.0466338137537241,4.532541281605518e-06,69800
688,0.04610399775207043,3.1577758898038154e-06,69900
689,0.045404733642935756,4.623031591108884e-06,70000
690,0.045032035522162915,2.78837924383879e-06,70100
691,0.04515190478414297,2.662173719159e-06,70200
692,0.04503966543823481,4.575244435045533e-06,70300
693,0.0448861576244235,2.7395988865919206e-06,70400
694,0.045146338045597076,2.753275439886238e-06,70500
695,0.04512716107070446,2.9044859843452285e-06,70600
696,0.04539293278008699,2.1589029398683125e-06,70700
697,0.04490378871560097,2.2330391897185107e-06,70800
698,0.04498524133116007,1.7262668586681683e-06,70900
699,0.04570913977921009,0.00027896253494020585,71000
700,0.04715558279305696,2.6654852194951674e-06,71100
701,0.04493371538817883,2.6633530740127754e-06,71200
702,0.04565790664404631,2.120633272397754e-06,71300
703,0.044816440008580684,2.5310487188789922e-06,71400
704,0.04503586705774069,3.0484392163998566e-06,71500
705,0.04478921625763178,2.293015264740461e-06,71600
706,0.04507664494216442,2.5519860815848005e-06,71700
707,0.045230976566672326,2.1807472830914777e-06,71800
708,0.04504834067076444,3.0143885197730923e-06,71900
709,0.04493790198117495,2.3127080874019156e-06,72000
710,0.04480047147721052,2.1009485959666563e-06,72100
711,0.046079779788851735,1.8092077027631603e-06,72200
712,0.04504146318882704,2.211219971286482e-06,72300
713,0.044739409424364565,1.9657957102481305e-06,72400
714,0.04505195662379265,1.9292521471925285e-06,72500
715,0.04536372445523739,2.3690019656896766e-06,72600
716,0.04476377937942743,1.8062819981423673e-06,72700
717,0.04515179935842752,2.2093926753541383e-06,72800
718,0.04650897964835167,3.6074590315138266e-06,72900
719,0.04495420012623072,2.7829274142732175e-06,73000
720,0.044851885475218296,2.143456442809111e-06,73100
721,0.04491545423865318,1.9955041142338816e-06,73200
722,0.04570847328752279,2.554256533926491e-06,73300
723,0.04470068011432886,2.878523712297465e-06,73400
724,0.044715327881276606,2.413532772607141e-06,73500
725,0.04490129426121712,2.092323452416167e-06,73600
726,0.04480999581515789,2.3475147207818737e-06,73700
727,0.045245834104716776,2.305277425307395e-06,73800
728,0.04459714200347662,1.91527137360481e-06,73900
729,0.045522760152816776,2.2089820777182467e-06,74000
730,0.044842945151031016,3.2066532401131555e-06,74100
731,0.04463014625012875,2.054443459655886e-06,74200
732,0.045070840902626516,2.051553614137447e-06,74300
733,0.04514934942126274,3.012778709603481e-06,74400
734,0.04491910979151726,2.106819274558802e-06,74500
735,0.044489184953272344,1.9760433633564387e-06,74600
736,0.04477204214781523,2.464002647570851e-06,74700
737,0.04444807406514883,2.072914233508527e-06,74800
738,0.04472615756094456,2.049247406716859e-06,74900
739,0.04476353347301483,1.5519822920850856e-06,75000
740,0.044757141843438146,1.993941957039169e-06,75100
741,0.04471633058041334,2.035952105075012e-06,75200
742,0.04544255923479795,2.8396484708537175e-06,75300
743,0.045590620562434195,2.287481972302885e-06,75400
744,0.04474245026707649,1.7190645240816593e-06,75500
745,0.04441701930016279,1.8282236374034255e-06,75600
746,0.04505219008773565,1.8208059117341691e-06,75700
747,0.04455981578677893,2.6094508348251112e-06,75800
748,0.04440965469926596,1.4668298086917276e-06,75900
749,0.04453926924616099,1.5611018108074858e-06,76000
750,0.04465892158448696,1.5403846413164502e-06,76100
751,0.04469806633889675,2.601197741114447e-06,76200
752,0.04457119129598141,1.4904955787642393e-06,76300
753,0.044929882325232026,1.4223985380112936e-06,76400
754,0.045828903205692766,1.953547060793426e-06,76500
755,0.04460708234459162,2.100527245261219e-06,76600
756,0.04443041495978832,2.7459098052418086e-06,76700
757,0.04436935380101204,5.430689298009384e-06,76800
758,0.044644578993320465,1.7098650243951852e-06,76900
759,0.04443564783781767,1.4243998788288082e-06,77000
760,0.04557703908532858,1.4870583601123143e-06,77100
761,0.04420996766537428,2.447316612688155e-06,77200
762,0.04437922675162554,1.5195012196045354e-06,77300
763,0.044529043212532995,1.5313180603016008e-06,77400
764,0.044309710636734966,1.8774381439357056e-06,77500
765,0.044553706385195256,2.9509122498438954e-06,77600
766,0.04491350147873163,2.6405768051063206e-06,77700
767,0.044381851814687255,2.1686189899128292e-06,77800
768,0.044987433776259425,2.0430131144166806e-06,77900
769,0.0450287925824523,1.8183652895231716e-06,78000
770,0.04448819849640131,1.807702521432475e-06,78100
771,0.044574032202363015,1.4826285854496746e-06,78200
772,0.04450473092496395,1.806566416178157e-06,78300
773,0.04424602787941694,1.3941459840793868e-06,78400
774,0.045323154032230376,1.3618074132182301e-06,78500
775,0.04421457212418318,2.125250910580689e-06,78600
776,0.04429375123232603,1.6718377912638971e-06,78700
777,0.04470661517232657,1.4853133583869748e-06,78800
778,0.04426795996725559,1.5846328395241472e-06,78900
779,0.044564301371574404,3.321604659163313e-06,79000
780,0.04442129272967577,1.7634024413837324e-06,79100
781,0.0442826746404171,1.961020200837993e-06,79200
782,0.04430331513285637,2.0071708249247424e-06,79300
783,0.044405463710427286,1.2218257566587453e-06,79400
784,0.0445716105774045,1.170080677752594e-06,79500
785,0.044166613444685934,1.5408303170261207e-06,79600
786,0.044096526950597764,1.2818459271102257e-06,79700
787,0.044924376271665095,1.0687280274623844e-06,79800
788,0.044656834602355956,4.105233090569982e-06,79900
789,0.04426771525293589,1.618662436158047e-06,80000
790,0.04397762756794691,1.25110839746867e-06,80100
791,0.04489964064210653,1.0268275721614372e-06,80200
792,0.044229014031589034,1.2060855971185447e-06,80300
793,0.044239639788866046,1.150461261545388e-06,80400
794,0.044181956574320794,9.8735170126929e-07,80500
795,0.04454552199691534,1.1486200881449804e-06,80600
796,0.04387182071805,1.5272994016868324e-06,80700
797,0.04457044422626495,1.0776755453889565e-06,80800
798,0.044826897084712984,2.3197845484901336e-06,80900
799,0.04423113837838173,1.3619258854191685e-06,81000
800,0.043863987103104594,1.6955285903463847e-06,81100
801,0.044290366284549236,1.7810218321301364e-06,81200
802,0.04461814321577549,1.3884350022408399e-06,81300
803,0.043962089009583,1.6195625772752465e-06,81400
804,0.04414585296064615,2.252937968307833e-06,81500
805,0.04391240790486336,2.0158902214006958e-06,81600
806,0.04437093667685985,2.8869789247210066e-06,81700
807,0.044282072074711326,1.537593019236283e-06,81800
808,0.045955688655376435,1.4112063752236282e-06,81900
809,0.044669567570090295,2.405679666708238e-06,82000
810,0.04410359472036362,1.7000147806811583e-06,82100
811,0.04391504287719727,2.0524186717807426e-06,82200
812,0.04408950634300709,1.2332651854762844e-06,82300
813,0.044700093045830724,1.2643807187373569e-06,82400
814,0.043917840160429475,9.687127069923917e-07,82500
815,0.043897831588983534,9.283950345206904e-07,82600
816,0.04452179383486509,1.2123400188102096e-06,82700
817,0.043608351945877075,1.4999130465298548e-06,82800
818,0.04368460450321436,1.1961391805925814e-06,82900
819,0.04387185253202915,1.007838439477382e-06,83000
820,0.04430058293044567,1.4788584724101383e-06,83100
821,0.04439398474991321,3.149283462278163e-06,83200
822,0.04429563395678997,9.221472160447774e-07,83300
823,0.04359425012022257,1.925337359693913e-06,83400
824,0.04415858305990696,1.3015417545148012e-06,83500
825,0.04440377421677113,1.1891410912312494e-06,83600
826,0.043865385316312316,9.85801111710316e-07,83700
827,0.043717709556221965,8.299503969055876e-07,83800
828,0.04435568038374185,1.3552710871067575e-06,83900
829,0.04373880803585053,1.588497049453963e-06,84000
830,0.04407633025199175,9.504301155516259e-07,84100
831,0.044139376766979696,2.2076637756640595e-06,84200
832,0.04388724584132433,8.507246823796777e-07,84300
833,0.04384987402707338,6.474032232972604e-07,84400
834,0.043743153847754,7.945719053736866e-07,84500
835,0.04383131667971611,9.175735863209411e-07,84600
836,0.043872050344944,1.3363287082768239e-06,84700
837,0.04404993552714586,8.531566550118441e-07,84800
838,0.04390782356262207,1.2648056292619004e-06,84900
839,0.04366255775094032,1.2013703556590371e-06,85000
840,0.043796420730650425,8.178881788012405e-07,85100
841,0.043804829567670824,8.084227633275986e-07,85200
842,0.04367296423763037,9.057360946940207e-07,85300
843,0.04413723945617676,7.418765727607024e-07,85400
844,0.04472501933574677,1.0366528576355449e-06,85500
845,0.043800357021391394,1.1848170258588197e-06,85600
846,0.04363758448511362,8.064487104775253e-07,85700
847,0.04382471673190594,5.915943567913474e-07,85800
848,0.04368744235485792,6.680510924184091e-07,85900
849,0.0443001276627183,6.310108511797807e-07,86000
850,0.043985234126448634,9.935712807873642e-07,86100
851,0.043815822675824165,8.197714093682862e-07,86200
852,0.04371562097221613,8.327217351222771e-07,86300
853,0.043510680571198466,9.372749346425735e-07,86400
854,0.04605777159333229,1.1121627585453098e-06,86500
855,0.04380872055888176,7.016784118718533e-07,86600
856,0.04371850710362196,9.442992028141362e-07,86700
857,0.04347657661885023,1.4763524474403766e-06,86800
858,0.04369094673544169,5.846692879174497e-07,86900
859,0.04349604949355126,7.118447580012344e-07,87000
860,0.043975651673972604,5.220027563268559e-07,87100
861,0.044703828543424605,7.124644601219643e-07,87200
862,0.04373040400445461,6.966749900527702e-07,87300
863,0.043534642271697524,4.609543385925008e-07,87400
864,0.04355751890689134,7.118375681613997e-07,87500
865,0.043657911196351054,6.393857944431147e-07,87600
866,0.043336416371166704,5.72105720948457e-07,87700
867,0.04339970946311951,7.08313821178308e-07,87800
868,0.04383697621524334,6.9224560178327e-07,87900
869,0.04335121419280767,8.012287082692637e-07,88000
870,0.04336525335907936,7.30729405091779e-07,88100
871,0.04331146713346243,6.311800581215721e-07,88200
872,0.04433922633528709,5.266545851156935e-07,88300
873,0.04357483934611082,7.140882993894593e-07,88400
874,0.04403588227927685,4.10704813589291e-07,88500
875,0.044057032763957976,6.704212516694951e-07,88600
876,0.043378986120224,5.740580991187017e-07,88700
877,0.04354332216084003,4.3942693380927265e-07,88800
878,0.0433193501457572,4.1382853176230584e-07,88900
879,0.043327099084854125,4.303096515911875e-07,89000
880,0.043218046240508554,5.395663819030006e-07,89100
881,0.043535905964672564,7.352219647316361e-07,89200
882,0.043677060082554814,5.573148359871993e-07,89300
883,0.044011075869202616,4.2720770053961133e-07,89400
884,0.04399722199887037,4.7671879393362816e-07,89500
885,0.043786849416792395,6.250577705202432e-07,89600
886,0.04370784390717745,5.375935009510613e-07,89700
887,0.0431818238273263,4.0353641416857045e-07,89800
888,0.043287795446813104,3.4214419343925327e-07,89900
889,0.04408337615430355,4.1859167147606515e-07,90000
890,0.04343681182712317,4.5333484898435473e-07,90100
891,0.0434847180172801,5.453566403446075e-07,90200
892,0.04340747062116861,5.32842218419205e-07,90300
893,0.04331522203981877,2.938879529779115e-07,90400
894,0.04337398696690798,5.750758582223626e-07,90500
895,0.04368567120283842,5.981714087255341e-07,90600
896,0.04332962960004807,3.363094432984326e-07,90700
897,0.043245910741388796,6.594096575440744e-07,90800
898,0.04329069711267948,6.558006015922047e-07,90900
899,0.04318388290703297,3.258197814659525e-07,91000
900,0.04330527409911156,3.691553864371144e-07,91100
901,0.04352539140731096,5.76940192758002e-07,91200
902,0.043336163237690926,4.224563744514853e-07,91300
903,0.04422090336680412,2.2240407034246347e-07,91400
904,0.04332322362810373,7.960871602108455e-07,91500
905,0.0431393713131547,4.232997878261813e-07,91600
906,0.0447218107432127,6.055466574395041e-07,91700
907,0.04304146941751242,5.316331207438907e-07,91800
908,0.043328876718878744,6.937293316156002e-07,91900
909,0.04309686128050089,3.529662059520433e-07,92000
910,0.04302712261676788,5.399095655178598e-07,92100
911,0.04331961117684841,3.745890939654828e-07,92200
912,0.04315140038728714,7.797376270701761e-07,92300
913,0.04356921035796404,8.090181280095976e-07,92400
914,0.043104742616415025,3.374975955239279e-07,92500
915,0.04314287394285202,4.08807766163477e-07,92600
916,0.04351855166256428,4.3991985684499466e-07,92700
917,0.04297391053289175,4.88373678635412e-07,92800
918,0.04332669045776129,4.6679742659705426e-07,92900
919,0.04388958733528853,4.270441525022761e-07,93000
920,0.04306758139282465,3.9190979549630357e-07,93100
921,0.04312034968286753,6.61767390681689e-07,93200
922,0.04354615774005652,4.116506605100767e-07,93300
923,0.0430167005956173,3.377919338021229e-07,93400
924,0.0431010090559721,6.750685859202576e-07,93500
925,0.043068707883358,2.8977002457963864e-07,93600
926,0.04322804048657417,5.241730449512261e-07,93700
927,0.04292548272758722,3.1089850025978196e-07,93800
928,0.04334091890603304,5.899921287522147e-07,93900
929,0.04355763450264931,4.816213683511705e-07,94000
930,0.04300868570804596,7.309133111021993e-07,94100
931,0.0427993968129158,4.5528578098696924e-07,94200
932,0.04310740940272808,4.3942015970799275e-07,94300
933,0.043355723582208155,2.832928617380048e-07,94400
934,0.04344291344285011,3.0374756896378587e-07,94500
935,0.04321366649121046,3.8401599994131175e-07,94600
936,0.04297553107142448,6.32981083725781e-07,94700
937,0.043124441392719745,6.459444864503894e-07,94800
938,0.04349341046065092,3.430656580860614e-07,94900
939,0.042778925150632856,5.317949389649357e-07,95000
940,0.0430327732861042,2.7368004403172107e-07,95100
941,0.04306057572364807,5.201360771422969e-07,95200
942,0.042981210462749005,3.110608905387835e-07,95300
943,0.04293165005743504,4.656449172557586e-07,95400
944,0.0429894482344389,3.391876420266726e-07,95500
945,0.04315148934721947,5.725333335249161e-07,95600
946,0.0426690461486578,5.658083309612039e-07,95700
947,0.04295974440872669,4.6135816077708115e-07,95800
948,0.043155603557825085,3.06555082261184e-07,95900
949,0.043117739446461203,5.429293018011095e-07,96000
950,0.04362394697964191,3.673415052674045e-07,96100
951,0.04356750916689634,2.7014849361961525e-07,96200
952,0.043063417300581934,1.5122469820738616e-06,96300
953,0.042612425461411474,2.7471002141510324e-07,96400
954,0.04348528709262609,2.5489723292082546e-07,96500
955,0.042987434156239034,2.3069404861075782e-07,96600
956,0.042698827907443046,2.5949571167416254e-07,96700
957,0.043112890124320985,2.295469536051087e-07,96800
958,0.04277502421289683,3.24619222951128e-07,96900
959,0.04281391233205795,2.8822920377535866e-07,97000
960,0.04278815846890211,2.982168878418179e-07,97100
961,0.043212277665734294,2.9204463579901586e-07,97200
962,0.044505942314863205,7.220201859325926e-07,97300
963,0.042881565317511555,3.7388439316998756e-07,97400
964,0.04296059586107731,4.0192222485302407e-07,97500
965,0.04323660686612129,5.081677204543666e-07,97600
966,0.042966498993337154,3.2392544532910963e-07,97700
967,0.042624052353203296,2.897112484134823e-07,97800
968,0.04318184658885002,3.688233323373424e-07,97900
969,0.04269111543893814,2.9480566240636106e-07,98000
970,0.04313727024942637,2.6928959556471455e-07,98100
971,0.042805708460509774,3.5089160419943257e-07,98200
972,0.04287412106990814,2.0148328690794416e-07,98300
973,0.04284258287400007,3.2873737694671944e-07,98400
974,0.042843934558331964,3.212847989431111e-07,98500
975,0.04306849427521229,2.510758332618934e-07,98600
976,0.04306711696088314,3.6412186602774456e-07,98700
977,0.04250564649701118,4.591996840019874e-07,98800
978,0.0427264779061079,3.93401191445264e-07,98900
979,0.04268306899815798,4.282399105903778e-07,99000
980,0.043021903447806834,3.9917748239304275e-07,99100
981,0.04258348882198334,2.5289834049146975e-07,99200
982,0.04277595147490501,2.4649992340641803e-07,99300
983,0.04251944396644831,2.2703714169125533e-07,99400
984,0.042597915306687356,2.227788095865435e-07,99500
985,0.042539355419576166,8.3450414734898e-07,99600
986,0.042901810407638546,4.4417828952703077e-07,99700
987,0.042624571062624454,2.4792139754481466e-07,99800
988,0.04259380098432303,3.6997529420546013e-07,99900
