,episode_reward,episode,duration,step,batch_reward,critic_loss,actor_loss,actor_target_entropy,actor_entropy,alpha_loss,alpha_value,pos_sample_avg_cos_similarity,neg_sample_avg_cos_similarity,BYOL_L2_MSE_loss
0,0.0,1.0,50.05351424217224,500,,,,,,,,,,
1,45.447181319925,2.0,2.2349443435668945,1000,,,,,,,,,,
2,30.66754504360952,3.0,202.18716406822205,1500,0.07645167180895805,0.04364318948891014,-1.4545275849103927,-6.0,7.613737173080445,0.9785156106948852,0.09874837620081674,0.9530502064749599,0.9275320555865765,0.09389958863751963
3,37.48733659341392,4.0,197.64076137542725,2000,0.08368211019039154,0.02236812022794038,-2.3527717933654784,-6.0,7.767560777664184,0.9664619989395141,0.09631430096371887,0.9985648510456085,0.9606190093755722,0.0028702850462868808
4,57.065852715126404,5.0,199.27383947372437,2500,0.08946429727971554,0.05306638259068131,-3.252694261550903,-6.0,7.821912210464477,0.9375009481906891,0.0939895200966376,0.9989685349464417,0.9501868958473205,0.0020629398040473462
5,70.79326655371898,6.0,196.66495656967163,3000,0.09403574873507023,0.1054496252462268,-4.152115698814392,-6.0,7.845035511016846,0.9081516931056977,0.091752973283736,0.9990749151706696,0.9395532400608063,0.0018501590145751834
6,33.67390171488358,7.0,196.87177515029907,3500,0.09749611409008503,0.1839740691035986,-5.061162591934204,-6.0,7.841823326110839,0.8708638713359833,0.08961043927085466,0.9989814418554306,0.928182297706604,0.002037119252141565
7,84.84534417418904,8.0,197.61156225204468,4000,0.10145039524137973,0.24427512221038342,-5.873013502120972,-6.0,7.86743611907959,0.8437086408138275,0.08754662877018679,0.9987733110189437,0.9177969280481338,0.0024533839798532428
8,40.13063692391631,9.0,199.21123242378235,4500,0.1046019549369812,0.33186083161830904,-6.615369401931763,-6.0,7.835266647338867,0.822898618221283,0.08554077357375002,0.9987689552307129,0.9052183293104171,0.002462088421918452
9,77.93057509120135,10.0,,5000,0.10515688973665237,0.3759851753413677,-7.376553411483765,-6.0,7.809552333831787,0.7837957723140716,0.08360883721344035,0.9985215311050415,0.8938420023918152,0.0029569306299090385
10,,,248.01022171974182,5000,,,,,,,,,,
11,71.9313023784567,11.0,198.40348958969116,5500,0.12336824227869511,0.6874241634011269,-8.312733432769775,-6.0,7.599304019927978,0.7043043358325958,0.08179001806884569,0.9983402745723724,0.8777747403383255,0.003319446301087737
12,147.93213657473032,12.0,199.50622582435608,6000,0.12623298083245754,0.9543540951013565,-9.39627257156372,-6.0,7.279299655914307,0.6462693061828614,0.08014697280481815,0.9984364540576934,0.865625000834465,0.003127075330819935
13,57.87873030599999,13.0,199.54377794265747,6500,0.13229334543645382,1.321654371738434,-10.511563690185547,-6.0,7.106607215881348,0.6106642951965332,0.07854073040638464,0.9981924568414688,0.8484160408973694,0.0036150924493558705
14,103.22958397701613,14.0,197.1617569923401,7000,0.13075724510848521,1.190312378525734,-11.492682796478272,-6.0,7.102692735671997,0.586152524471283,0.07698982375003713,0.998050903916359,0.8315824950933457,0.0038981907167471947
15,36.65756432824534,15.0,198.5696828365326,7500,0.12662482024729252,1.1547886134386063,-12.45631507873535,-6.0,7.099351327896118,0.5675756731033326,0.07544188166028781,0.9973740738630295,0.8265771729946136,0.00525185131514445
16,48.925157520868005,16.0,198.70625138282776,8000,0.12548494425415993,1.2492797025442124,-13.450857753753661,-6.0,7.136992467880249,0.5685385313034058,0.0738943194090901,0.9977405455112457,0.8443750211000443,0.004518907537218183
17,98.32812293880471,17.0,198.44151997566223,8500,0.12878587563335894,1.0569272062778472,-14.365390449523925,-6.0,7.0244018077850345,0.5770366592407227,0.07229940115237082,0.9979883667230606,0.8420592906475067,0.004023269230965525
18,43.84896495520808,18.0,199.94052362442017,9000,0.12718472327291966,1.0224767000675201,-15.062387718200684,-6.0,7.025773674011231,0.563271781206131,0.0707013696392471,0.9978544763326644,0.8386712818145752,0.004291045483201742
19,53.9525136535533,19.0,198.64214086532593,9500,0.1266915255486965,1.0853918565511704,-15.726861522674561,-6.0,7.065439556121826,0.5514500875473023,0.0691417873150014,0.9977385437488556,0.8415663120746613,0.004522903506178409
20,58.04932504649964,20.0,,10000,0.1262157190591097,1.3481051844358445,-16.21936771392822,-6.0,7.085943519592285,0.5382477400302887,0.06760439612292589,0.9974213343858719,0.8349209781885147,0.00515732777537778
21,,,244.7272868156433,10000,,,,,,,,,,
22,63.77900242901072,21.0,200.1884195804596,10500,0.13204402785003186,1.6377578177452088,-17.07909073638916,-6.0,7.041799615859985,0.5141473467350006,0.0661236979045689,0.9973168431520462,0.8235358183383942,0.005366308550816029
23,191.85293931649028,22.0,198.80561065673828,11000,0.13890033034980298,1.396607140660286,-17.872024391174318,-6.0,6.985627466201782,0.5027921452522278,0.06468334373780002,0.9972826055288315,0.8133071166276932,0.005434770023450255
24,52.847601146683985,23.0,200.5288496017456,11500,0.13584098860621452,1.4487739580869674,-18.332636711120607,-6.0,6.917042291641235,0.48328922390937806,0.06327016962745977,0.9970665867328644,0.8037156966924668,0.005866836588829756
25,31.757877995129324,24.0,263.6138997077942,12000,0.13476672996580602,1.6772625982761382,-18.992556060791017,-6.0,6.809133062362671,0.4553807369470596,0.06192294873043219,0.9968561321496964,0.7960451936721802,0.006287734681274742
26,98.6573405917029,25.0,270.5208284854889,12500,0.13751065792143344,2.0221568748950958,-19.478035697937013,-6.0,6.788610406875611,0.4354115353822708,0.06062529781088308,0.9967127223014831,0.7894864752292633,0.006574550953693688
27,82.69794309370893,26.0,198.83809518814087,13000,0.1417883694022894,2.5117525475025175,-20.21996464538574,-6.0,6.777486494064331,0.41643653583526613,0.05936997451917065,0.9961517100334167,0.7850164999961853,0.007696591161191464
28,207.58320981749927,27.0,198.5819706916809,13500,0.14966797710955143,2.3704902560710908,-20.99250065612793,-6.0,6.685895170211792,0.40699553048610687,0.05812826670609436,0.9959585598707199,0.7786922612190247,0.008082880413159728
29,80.31651371397435,28.0,198.34049010276794,14000,0.147783920109272,2.598895875453949,-21.54189740753174,-6.0,6.646700597763061,0.3942354667186737,0.0569098946224666,0.9958230761289597,0.7725890520811081,0.008353844281286
30,60.112855314528865,29.0,197.292977809906,14500,0.15252381986379623,2.348674273967743,-22.36569288635254,-6.0,6.488030729293823,0.38736847960948945,0.055701911400575115,0.9958435512781143,0.7682130584716796,0.00831288901809603
31,157.71127816723356,30.0,,15000,0.1594227806031704,2.0044800696372986,-23.201111671447755,-6.0,6.3661562519073485,0.3704283756017685,0.05451669260194349,0.9957713719606399,0.7639895906448364,0.008457252269610763
32,,,247.34007787704468,15000,,,,,,,,,,
33,209.1314055433628,31.0,198.8894238471985,15500,0.16184865403175355,2.0879831557273865,-23.85354564666748,-6.0,6.150334056854248,0.3496338547468185,0.053377700346496484,0.9955787382125855,0.7554015035629272,0.00884251702297479
34,71.00822054753709,32.0,198.15209937095642,16000,0.16092521277070046,2.1099106431007386,-24.44107880401611,-6.0,6.017214050292969,0.3345671672821045,0.05228121995765606,0.995471079826355,0.7519287281036376,0.009057843911461532
35,48.112002501813336,33.0,242.75956201553345,16500,0.16367105865478515,2.050119986534119,-25.04726016998291,-6.0,5.88683065032959,0.3156992061138153,0.05121359138608821,0.9954587790966034,0.7429171990156174,0.009082437426783144
36,264.2927026309175,34.0,310.9717402458191,17000,0.17288233298063277,2.101468336105347,-25.734054122924803,-6.0,5.773549633026123,0.29170458751916883,0.05019534361329676,0.995449113368988,0.7345464366674423,0.009101767641492188
37,149.2520875697612,35.0,198.81457376480103,17500,0.1778740564584732,2.063614169836044,-26.26974294281006,-6.0,5.676477418899536,0.27671213293075564,0.04922256306196653,0.9956877512931823,0.7272783674001694,0.008624498943798244
38,155.18720907160616,36.0,200.33312582969666,18000,0.18063853135704994,2.090595026254654,-26.876106002807617,-6.0,5.569880788803101,0.2647453302145004,0.048263080223675876,0.99561348092556,0.7192403370141983,0.008773039900697768
39,140.81442553692088,37.0,198.77054286003113,18500,0.18407110062241555,2.0738371484279634,-27.38950178527832,-6.0,5.469262554168701,0.25465855944156646,0.0473193411199139,0.9955555466413498,0.7180494774580002,0.008888916886411607
40,225.32409413243187,38.0,197.6506712436676,19000,0.1930746805369854,2.171680142402649,-28.194514434814455,-6.0,5.253454528808594,0.24106085962057114,0.04639331568043434,0.9954365208148956,0.7122887660264969,0.009126966882497072
41,260.90584640302296,39.0,198.17636609077454,19500,0.19928186225891115,2.1878599903583527,-29.040520362854004,-6.0,5.239453716278076,0.22094516855478286,0.045506188538019764,0.9952547582387924,0.7041665382385254,0.009490480268374086
42,176.73332645825707,40.0,,20000,0.20576805385947228,2.2251240983009337,-29.94088461303711,-6.0,5.118438196182251,0.21053713482618333,0.04464910367664493,0.995529317855835,0.7023426328897476,0.008941361687146127
43,,,246.82526278495789,20000,,,,,,,,,,
44,252.83236865111664,41.0,197.7020616531372,20500,0.2133573206961155,2.308000335931778,-30.656574897766113,-6.0,5.076190755844117,0.20040030348300933,0.04380425323579395,0.9953102271556854,0.6908417066335678,0.009379544856026769
45,318.5572823191492,42.0,198.02552223205566,21000,0.2227971768081188,2.441024786233902,-31.457982162475584,-6.0,5.026327367782593,0.18656008452177048,0.042986368698602284,0.9953334685564041,0.6817085702419281,0.009333065634593367
46,271.06081052635983,43.0,198.62485456466675,21500,0.23118116289377214,2.5292060372829437,-32.18096573638916,-6.0,4.987566633224487,0.16765366774797438,0.042202840831165864,0.9951382100582122,0.6742397229671478,0.009723572343587875
47,265.29234700952037,44.0,197.56589460372925,22000,0.23431817018985748,2.5373963577747345,-33.007841705322264,-6.0,4.990287502288818,0.15787398329377175,0.041462814020129524,0.9954092236757278,0.6672813466787338,0.009181552354246378
48,188.49289010441706,45.0,198.7229413986206,22500,0.24314409106969834,2.4463782415390014,-33.702479766845705,-6.0,4.873677486419678,0.16131271916627885,0.040694217376826464,0.9951602017879486,0.6610870510339737,0.00967958558909595
49,330.61042893920535,46.0,198.93635392189026,23000,0.24888977339863777,2.3717475254535674,-34.37037504577637,-6.0,4.816235689163208,0.15217122593522073,0.03991948428541437,0.9950418100357056,0.6546838067770004,0.009916366790421308
50,229.56993831018394,47.0,198.3718228340149,23500,0.2558341232538223,2.2480529193878174,-35.04797286987305,-6.0,4.728171308517456,0.144337005674839,0.03916463535457903,0.9951687040328979,0.6422214939594268,0.009662592851556838
51,344.5732951143671,48.0,199.3815348148346,24000,0.26263410452008246,2.1422026283740996,-35.6568009185791,-6.0,4.630583379745484,0.1363936740756035,0.03842029849194071,0.9951445935964585,0.633474612236023,0.009710812823846936
52,301.96593945785696,49.0,282.59339570999146,24500,0.27401964041590693,2.0307967751026155,-36.32318583679199,-6.0,4.574471134185791,0.13044468453526498,0.03769467364445631,0.9949468277692795,0.6242787362337112,0.010106351547874511
53,407.1481011804521,50.0,,25000,0.2804456625580788,1.9166669046878815,-36.93313816833496,-6.0,4.503105331420898,0.12824902799725532,0.0369631539284593,0.9949980248212814,0.6169607666730881,0.010003950177691876
54,,,292.79241466522217,25000,,,,,,,,,,
55,204.09306324675924,51.0,198.46638441085815,25500,0.2893888455033302,1.9096746275424956,-37.49906809997559,-6.0,4.423798014640808,0.12343680584430694,0.036237602843880175,0.9949395599365234,0.6076594732999802,0.010120878011919559
56,486.69286475346473,52.0,198.30219197273254,26000,0.2978559677302837,1.9377424924373627,-38.106390151977536,-6.0,4.396621247291565,0.11476801308989525,0.035531932527413615,0.9947085736989975,0.6020189486742019,0.010582859201356768
57,262.8088970386299,53.0,199.34421348571777,26500,0.30540482154488563,1.9753401203155518,-38.62069050598144,-6.0,4.294395287513733,0.10695008161664009,0.0348524518608049,0.9947200334072113,0.5950349102020264,0.0105599371669814
58,408.22525138154384,54.0,201.2585527896881,27000,0.31529039978981016,2.03168158698082,-39.29816938781738,-6.0,4.133511904716491,0.09768439096212388,0.03420778592550476,0.9949320994615555,0.5834306674003601,0.010135798096656799
59,417.81612480742837,55.0,198.95559167861938,27500,0.3254412022829056,2.0108211541175844,-39.93267337036133,-6.0,3.997157548904419,0.08898600965738296,0.033591949835414865,0.9948371807336808,0.5703661794066429,0.010325627976097167
60,451.753825991779,56.0,197.1048481464386,28000,0.33515275567770003,2.078800986766815,-40.65945532226562,-6.0,3.840165367126465,0.07997191002964973,0.03301825848629973,0.9947894166707992,0.5651362620592117,0.010421170126646758
61,438.27513477333946,57.0,198.69905805587769,28500,0.3406899072527885,2.114750274896622,-41.41952200317383,-6.0,3.7290242252349852,0.07393786297738553,0.032461212907673336,0.9950243020057679,0.5610248673558235,0.009951401389203966
62,351.81303993824076,58.0,198.76324796676636,29000,0.3521620101332664,2.147941590547562,-42.243230575561526,-6.0,3.6578219327926638,0.06961845389008522,0.031918508150513655,0.9947395660877227,0.5555553178191185,0.010520873961038887
63,477.12319504464455,59.0,198.2715790271759,29500,0.3610162667632103,2.1700179994106295,-43.133560302734374,-6.0,3.523335403442383,0.06387715603411198,0.03138698844625017,0.994842859506607,0.5543747065663338,0.010314271464943885
64,435.7891323110544,60.0,,30000,0.36909820091724393,2.2628263483047486,-43.97081221008301,-6.0,3.4245122909545898,0.058091744244098666,0.030871807179654386,0.9948033722639084,0.5493019065856933,0.010393256680108607
65,,,247.73414540290833,30000,,,,,,,,,,
66,550.666939832873,61.0,198.20972967147827,30500,0.384243046939373,2.2860974559783935,-44.86039909362793,-6.0,3.2476487159729004,0.05253419889509678,0.030381493957928392,0.9950149228572845,0.5472982036471367,0.009970153571106493
67,469.0618743140913,62.0,199.04169416427612,31000,0.3896717686653137,2.338785139322281,-45.78827630615234,-6.0,3.1089748449325563,0.0480446794629097,0.029909834148431163,0.9950211678743363,0.5427920300364494,0.009957661865279079
68,414.22140511431957,63.0,198.42862224578857,31500,0.3977047942280769,2.4631431574821474,-46.61460551452637,-6.0,3.0227682313919066,0.0425049214437604,0.029459502351660054,0.9949586422443389,0.5370855935811997,0.010082711953669787
69,422.4223281790833,64.0,197.90506553649902,32000,0.4053862493038177,2.4737083332538603,-47.45926858520508,-6.0,2.8876400747299193,0.037670152500271795,0.02903065007827181,0.9947550933361053,0.5331098490357399,0.010489809970371425
70,468.4858998368708,65.0,198.0078661441803,32500,0.41172680562734604,2.5644162573814393,-48.31347705078125,-6.0,2.8667376165390013,0.037018457010388375,0.028606809944450376,0.9947809827327728,0.530858853816986,0.01043803776241839
71,446.98718664322723,66.0,198.2737913131714,33000,0.4221533154845238,2.6079374351501463,-49.266122299194336,-6.0,2.7584274311065675,0.03049611822143197,0.028198746258110616,0.9947906324863434,0.5164632927179337,0.010418728502467275
72,515.9359096876088,67.0,198.75890469551086,33500,0.4297942861914635,2.64912727355957,-50.19393951416016,-6.0,2.6917068786621092,0.02713721326366067,0.027820552338025065,0.9951642407178879,0.4973861865401268,0.009671516064554454
73,531.6261633909016,68.0,197.7052309513092,34000,0.4413337041139603,2.687029423236847,-51.17641128540039,-6.0,2.547544198989868,0.023990265272557737,0.027460345603592236,0.9956154338121415,0.4834362114667892,0.008769131022505462
74,627.4668329480078,69.0,199.16300749778748,34500,0.4507192956209183,2.7038642876148224,-52.11487786865234,-6.0,2.5530466203689577,0.018851832606829703,0.027138735761383873,0.9957063052654266,0.47875606644153595,0.008587388481013477
75,421.6926675632467,70.0,,35000,0.4589311073422432,2.720351288318634,-52.992066757202146,-6.0,2.521834524154663,0.017183132473379374,0.026832042487972826,0.9956292107105255,0.48085057133436204,0.0087415786171332
76,,,250.83489346504211,35000,,,,,,,,,,
77,519.0933332641023,71.0,202.2804253101349,35500,0.46591828244924544,2.769186994075775,-53.84682810974121,-6.0,2.4375647087097168,0.013675300698727369,0.02655699215308705,0.9955874866247177,0.4769952102899551,0.00882502245157957
78,413.8107505569191,72.0,204.10864758491516,36000,0.47040884763002394,2.7958293647766115,-54.65265028381348,-6.0,2.3489845051765443,0.010530358222313225,0.02631413825119338,0.9956348285675048,0.482159103512764,0.008730341732501984
79,467.22175660624606,73.0,199.62158870697021,36500,0.47697479867935183,2.9178085694313047,-55.50177505493164,-6.0,2.2832413268089295,0.009254737181123346,0.026101751697240643,0.9955548120737076,0.48124379307031634,0.008890369888395071
80,584.6888872858419,74.0,198.76491570472717,37000,0.4877952587008476,3.0052867956161498,-56.369569625854496,-6.0,2.264123872756958,0.005648904223693535,0.025921901763608875,0.9955259530544281,0.47774479085206983,0.00894810120947659
81,670.6197692723489,75.0,198.63164687156677,37500,0.49707486605644224,3.1098351454734803,-57.27391473388672,-6.0,2.2436671075820924,0.0027132757811341433,0.025805103796611304,0.9954695457220077,0.47254000717401506,0.00906091524939984
82,523.3418329371724,76.0,201.69841027259827,38000,0.5040114077329636,3.1665124049186706,-58.13437312316894,-6.0,2.1340062408447267,0.0013237691828981042,0.02574921485587277,0.9955161708593369,0.4730178412795067,0.008967660358175636
83,551.3354831305571,77.0,211.4446702003479,38500,0.5121276767253876,3.3189906339645385,-59.11521485900879,-6.0,2.035611585140228,-0.0034580850517377257,0.025807380521243064,0.9954002332687378,0.469608001768589,0.009199538598768413
84,541.5128156475447,78.0,222.04553413391113,39000,0.5217651690244675,3.4206711149215696,-60.1016071472168,-6.0,1.9884128069877625,-0.005456497180275619,0.025955736125512066,0.9952813190221786,0.4617012599110603,0.00943735744152218
85,604.4806510190317,79.0,221.16318821907043,39500,0.5311640583276749,3.390725338935852,-61.130356231689454,-6.0,1.9013353338241576,-0.007706118963425979,0.02623356782591238,0.9951860044002533,0.457868586063385,0.009628006515093148
86,670.2607603965313,80.0,,40000,0.5329021692276001,3.480720840930939,-62.05357769775391,-6.0,1.8306174473762513,-0.004615983064984903,0.026512279257353798,0.9950146789550781,0.4549458625912666,0.009970639633014798
87,,,270.1319601535797,40000,,,,,,,,,,
88,136.99579186343405,81.0,223.13667035102844,40500,0.5375559156537056,3.467383303642273,-62.906142379760745,-6.0,1.8369553208351135,-0.0034015967096202074,0.026727099973333356,0.9949482350349427,0.4445456568002701,0.010103527161292732
89,702.4376897024473,82.0,222.03387594223022,41000,0.5488468779325485,3.458981559753418,-63.83357556152344,-6.0,1.8715637102127076,-0.005407815393409692,0.0269168925296854,0.9948280450105668,0.44137997406721113,0.010343914235942065
90,770.5852866418131,83.0,222.190110206604,41500,0.558589865744114,3.4421746835708618,-64.82915196228028,-6.0,1.8200617246627808,-0.003874992822529748,0.02724416810303402,0.9947712709903717,0.43460308825969696,0.010457461934536696
91,753.3026243285176,84.0,222.280179977417,42000,0.5727329552173615,3.519886068344116,-65.89434173583984,-6.0,1.7603922367095948,-0.005792207744903862,0.027502330228946822,0.9942973104715347,0.42829246193170545,0.011405382269993424
92,704.1922498341106,85.0,222.8655881881714,42500,0.5835067265629769,3.662853513717651,-66.98001452636719,-6.0,1.6900330276489257,-0.005891982541885227,0.02783862986241823,0.9942439239025116,0.41938795655965805,0.01151215922832489
93,750.7340958695196,86.0,222.42124438285828,43000,0.5924541381597519,3.6849155287742614,-68.0475994873047,-6.0,1.7158219242095947,-0.006242738627595827,0.028340111096161663,0.9944982959032058,0.4145323588848114,0.011003409778699279
94,700.8929669049888,87.0,224.21663355827332,43500,0.6032136408090591,3.7692501912117002,-69.1486540222168,-6.0,1.6850936310291291,-0.007777031942969188,0.028830515575901397,0.9946206887960434,0.4050334724783897,0.01075862456858158
95,682.0623693630113,88.0,223.51121377944946,44000,0.6101934646368027,3.846680266857147,-70.15742974853515,-6.0,1.6703542757034302,-0.007583349165041,0.029389170739332723,0.9948271383047104,0.3971826413273811,0.010345713607035577
96,692.2837162337462,89.0,224.73889994621277,44500,0.6155732455253601,3.8708115487098693,-71.0583435974121,-6.0,1.6446693248748778,-0.008505915368441492,0.03000667260563406,0.9948394985198975,0.3915965661406517,0.010321002735756337
97,536.4614769725681,90.0,,45000,0.6249731812477112,3.834551736831665,-72.10024719238281,-6.0,1.6243142695426942,-0.005175108124502003,0.030538326256904808,0.9950982495546341,0.38717057567834856,0.009803501160815358
98,,,274.48593640327454,45000,,,,,,,,,,
99,713.3346632474671,91.0,222.00867414474487,45500,0.6361037154197693,3.9054689207077025,-73.14449166870118,-6.0,1.5891394715309144,-0.005989060021238402,0.030943004351533413,0.9951784014701843,0.38199459451436996,0.009643196325749158
100,759.8805840924083,92.0,224.36974048614502,46000,0.6436538051366806,3.8931461939811705,-74.12511935424804,-6.0,1.625698998451233,-0.0052706174859777095,0.03145208446070636,0.9953089798688889,0.376980115711689,0.009382040901109577
101,806.2975567229206,93.0,222.33339762687683,46500,0.6535594478845597,3.8212783107757566,-75.19589242553711,-6.0,1.597432773590088,-0.003732068466488272,0.031735164195198,0.9954009001255035,0.37592868554592135,0.009198196819983422
102,832.4938864133758,94.0,222.84851026535034,47000,0.6636652405261994,3.8285560545921324,-76.18645852661133,-6.0,1.5390721588134766,-0.005692078627180308,0.03215265554676516,0.995384418129921,0.374789126932621,0.009231160317547619
103,710.3722110419287,95.0,223.52162432670593,47500,0.6705987815856933,3.865208466053009,-77.1226591796875,-6.0,1.5214189629554749,-0.006160513415466994,0.032641302694852145,0.995382530927658,0.3707385618686676,0.009234934194013476
104,645.2804030565701,96.0,221.63229727745056,48000,0.67883567070961,3.8356987676620484,-78.18064266967774,-6.0,1.5840277409553527,-0.004910902946721763,0.03317716297834604,0.9954893810749054,0.36694720351696014,0.0090212316615507
105,670.7464353261763,97.0,224.19343733787537,48500,0.6857587643861771,3.9039273858070374,-79.11301052856446,-6.0,1.4899645285606384,-0.0022317813101690263,0.03350354248094808,0.9954703434705734,0.3655121599435806,0.009059311875142157
106,720.1736218459608,98.0,222.21874117851257,49000,0.6951582777500153,3.986174156188965,-80.06741937255859,-6.0,1.4853307750225067,-0.002941673279274255,0.03368896812919848,0.9954997453689575,0.3635848135352135,0.009000514505431056
107,770.0958166615721,99.0,222.20042634010315,49500,0.7000017331838608,4.0058272023200985,-81.01854635620117,-6.0,1.4714516940116882,-0.003932906645350159,0.03414899196549808,0.9955662807226181,0.35897329384088517,0.008867438358254731
108,761.5512168680843,100.0,,50000,0.7126939551830291,4.052993185520172,-82.0535982055664,-6.0,1.398461760520935,-0.003786272646393627,0.034447788970214055,0.9955984218120575,0.35593829995393755,0.00880314517673105
109,,,273.8082015514374,50000,,,,,,,,,,
110,824.7858483774714,101.0,222.98270297050476,50500,0.7211002383232117,3.9949059567451477,-82.99762899780274,-6.0,1.4262211582660675,-0.003549380092183128,0.03472804918966848,0.9955026803016662,0.3554029601812363,0.008994641542434692
111,930.3224172580667,102.0,222.10627841949463,51000,0.7317609738111496,4.022851612091064,-84.08872665405273,-6.0,1.4565398364067077,-0.007095623705768958,0.03535664075750461,0.9955471514463424,0.3514118773341179,0.00890568852983415
112,726.6808259616738,103.0,221.6783730983734,51500,0.7409303377866745,3.9679133529663084,-85.04641983032226,-6.0,1.3829985892772674,-0.004067385920090601,0.03592725729135847,0.995560000538826,0.34765417605638504,0.00888000068999827
113,821.5728546424426,104.0,222.06494545936584,52000,0.749238942861557,3.923968503475189,-86.00414627075196,-6.0,1.3935015728473663,-0.0004915784841869026,0.03616936130661983,0.9955668662786483,0.3498279378414154,0.008866265037097037
114,850.2086463012839,105.0,223.20531105995178,52500,0.7559101306200028,3.9410649871826173,-86.88198645019531,-6.0,1.3667124643325805,-0.004320728172780946,0.036360794488359,0.9956095620393753,0.350222133398056,0.008780883183702827
115,875.8170237251235,106.0,222.50610494613647,53000,0.7656308757066727,3.8910351753234864,-87.88465521240235,-6.0,1.3199792647361754,-0.003761028705397621,0.036862056712294464,0.9956064759492874,0.34663909375667573,0.008787040499038994
116,879.3628806117254,107.0,223.84084129333496,53500,0.7795725603103638,3.938123446941376,-88.86648370361328,-6.0,1.3163091757297516,-0.0018433245786000044,0.037081093843777266,0.9954940223693848,0.34364710992574693,0.009011960816569626
117,884.8611588841324,108.0,223.71566724777222,54000,0.7856047040224076,3.914095781326294,-89.7606414794922,-6.0,1.2748875844478607,-0.001810004846425727,0.037253304660084106,0.9955410197973251,0.34172867822647096,0.008917961432598532
118,699.945761392148,109.0,223.68649220466614,54500,0.7904432379007339,3.942175311565399,-90.63096185302734,-6.0,1.3258888244628906,-0.001062067129649222,0.03741665490296712,0.9955848062038422,0.3415813155770302,0.008830383321270346
119,682.3552197353097,110.0,,55000,0.7979461641311646,3.895510434627533,-91.61427517700196,-6.0,1.3047705626487731,-0.003738139952067286,0.03773845798732835,0.9956743655204773,0.340876334965229,0.008651266053318977
120,,,271.7497441768646,55000,,,,,,,,,,
121,799.8983451411113,111.0,223.74258518218994,55500,0.7984430124759674,3.9168247442245483,-92.54218283081055,-6.0,1.3232282299995421,-0.003648908149683848,0.03803353746056152,0.9957664103507996,0.3350581239461899,0.008467181032523512
122,653.135573494952,112.0,223.97094821929932,56000,0.8097845164537429,3.975845883846283,-93.61342510986329,-6.0,1.2832724735736847,-0.0028123172372579576,0.03845240789080519,0.995819793343544,0.3335512588620186,0.008360419272445142
123,823.1653058386114,113.0,563.8162534236908,56500,0.8139110407829284,3.9705279240608213,-94.59158233642579,-6.0,1.3469878447055816,-0.004328697259770706,0.03885894773520971,0.9958013957738876,0.32933327001333235,0.008397202393040062
124,842.5391490363418,114.0,421.52699422836304,57000,0.822187628865242,3.9997728872299194,-95.62432205200196,-6.0,1.2625058295726777,-0.003938727470347658,0.03931642854565449,0.9958894492387772,0.3254926606416702,0.008221095475368203
125,869.9345034172788,115.0,225.24590516090393,57500,0.8289463450908661,3.914176872253418,-96.57110433959961,-6.0,1.2961492512226105,-0.000746946138329804,0.039589580843870376,0.9960013784170151,0.32364497482776644,0.007997240305878221
126,786.6204790683275,116.0,223.59117078781128,58000,0.8392908591032028,3.8514816060066224,-97.5837255859375,-6.0,1.2714134271144868,-0.0019333301205188035,0.03975487233605796,0.996009178519249,0.318147962808609,0.007981638448312879
127,837.1423948230757,117.0,224.04297137260437,58500,0.8457201280593872,3.905748818874359,-98.57030032348632,-6.0,1.253529597043991,-0.003722747249761596,0.040023570385288566,0.9960753773450851,0.3161386810541153,0.00784924984164536
128,891.9215822449814,118.0,223.92323470115662,59000,0.854398693561554,3.8430740113258364,-99.50209460449219,-6.0,1.2282931349277497,-0.0016199877806939184,0.0403013275887349,0.9961392823457718,0.31304988384246824,0.0077214360851794485
129,900.4733416506406,119.0,224.5615975856781,59500,0.861078570485115,3.8464061799049376,-100.51518823242188,-6.0,1.2534089398384094,3.2752147875726225e-05,0.04042649357829228,0.9961863745450974,0.309710697054863,0.007627256748266518
130,731.0846199412615,120.0,,60000,0.8637971482276916,3.8439002103805544,-101.34543975830078,-6.0,1.1996311721801758,-0.0015611708415672182,0.04050934921125922,0.9962157559394836,0.30483485394716264,0.007568486869335174
131,,,315.44368267059326,60000,,,,,,,,,,
132,839.4350827461276,121.0,282.3068492412567,60500,0.869330605506897,3.8206345009803773,-102.26830459594727,-6.0,1.239799340248108,-0.0020709253586828707,0.04073193522863655,0.9962685841321945,0.3038735756278038,0.00746283011417836
133,783.4354564850433,122.0,223.6715407371521,61000,0.8785949800014495,3.7709056334495545,-103.10551907348633,-6.0,1.212490647315979,-6.952780345454812e-05,0.04081379179287314,0.9964001697301864,0.30001079922914503,0.007199656621553004
134,921.5014359589834,123.0,222.51401567459106,61500,0.8857121413946152,3.819991934299469,-104.05559994506837,-6.0,1.2307476086616516,-0.0018265812906902283,0.04097708012764942,0.9963907791376114,0.300655735373497,0.007218436333350837
135,784.7693345933801,124.0,222.19222497940063,62000,0.8916850172281265,3.7700001020431517,-104.85399737548828,-6.0,1.2421601843833923,-0.00039891884452663363,0.04104852413914278,0.9964407181739807,0.29691581594944,0.007118559712544084
136,920.099876659178,125.0,221.96583652496338,62500,0.9014404724836349,3.6924478464126587,-105.82952212524414,-6.0,1.1730178015232087,-0.001033570853760466,0.041163900077563535,0.9965644973516464,0.2946547331213951,0.006871007437817753
137,942.2894804860397,126.0,222.35183024406433,63000,0.9088179968595504,3.662289572238922,-106.62643460083008,-6.0,1.2009743056297302,-0.000540231223218143,0.041269793623692146,0.9965543245077133,0.2952071790099144,0.00689135205373168
138,909.3225038435135,127.0,225.03227758407593,63500,0.9158979938030243,3.653359152317047,-107.44750372314454,-6.0,1.2543624382019043,-0.001649509621784091,0.041427885696580985,0.9965757080316544,0.29250044891238214,0.00684858451411128
139,879.1697928944222,128.0,222.86176562309265,64000,0.9180770509243011,3.5126184153556825,-108.22979428100587,-6.0,1.2041342685222625,0.001764924426097423,0.04135645280908437,0.996542072057724,0.28666231492161753,0.006915854164399207
140,891.5322374314919,129.0,221.9794921875,64500,0.9280519993305206,3.542582636833191,-109.06047409057618,-6.0,1.2366032783985137,0.00033773834072053433,0.041182192768278954,0.9965716975927353,0.28541536977887155,0.006856599121354521
141,917.3175394947201,130.0,,65000,0.9365459052324295,3.471790280342102,-109.89170770263672,-6.0,1.2250576379299163,-0.0014763032810296863,0.041273004269359155,0.9966059374809265,0.28288419064879416,0.006788125073537231
142,,,270.8409583568573,65000,,,,,,,,,,
143,917.6129293489456,131.0,223.00309443473816,65500,0.9414278335571289,3.3916954135894777,-110.67013696289062,-6.0,1.2032939600944519,0.0005276933345012367,0.041395896546450844,0.9966076136827469,0.28033845689892767,0.006784777959808707
144,910.8739431349447,132.0,222.57940363883972,66000,0.9468638135194778,3.350832295417786,-111.3970830078125,-6.0,1.2510111944675446,-2.1632377291098238e-05,0.04133073869133972,0.996439709186554,0.27794768911600115,0.007120581015013158
145,921.291374697005,133.0,222.80467748641968,66500,0.9570081619024277,3.290278188228607,-112.06820126342774,-6.0,1.2602275941371919,-0.00022926292405463756,0.0413797155282778,0.9963724756240845,0.27366260808706283,0.007255048955790698
146,926.384167336946,134.0,222.4923746585846,67000,0.9626200248003006,3.2236639313697815,-112.6779331665039,-6.0,1.270402927160263,0.0007579165399074554,0.041360866377109,0.996505031824112,0.2754775933325291,0.006989933369681239
147,872.6684669157283,135.0,223.52830290794373,67500,0.9641681083440781,3.1147123322486876,-113.24750177001953,-6.0,1.300473062992096,0.001408097491133958,0.041155956626507756,0.9967714964151383,0.27472243005037306,0.006457010845653713
148,687.4377541555548,136.0,222.90923309326172,68000,0.9700081695318222,3.136047718524933,-113.91555944824219,-6.0,1.301038518667221,0.0014410105256829411,0.04102250189359162,0.9968944875001907,0.2777283281385899,0.006211023898795247
149,850.0770416079806,137.0,222.2826702594757,68500,0.9780637145042419,3.0995175223350526,-114.53953280639648,-6.0,1.2887857275009156,0.0034015369806438683,0.04079718827960908,0.9970174770355225,0.2815376718640327,0.005965045135468245
150,918.3033128677051,138.0,224.8407518863678,69000,0.9805793206691742,3.1855173115730286,-115.27861566162109,-6.0,1.1932252879142762,0.0038269933280535044,0.04034099033827233,0.9970751976966858,0.28100369703769684,0.005849601809866726
151,878.607053745727,139.0,223.56711053848267,69500,0.9869520028829575,3.1711423206329346,-115.94484753417969,-6.0,1.1020696103572845,-0.00034720421023666856,0.040165169872786066,0.9971652368307113,0.2819596275687218,0.0056695257304236295
152,716.5654057391422,140.0,,70000,0.9938479788303375,3.2450068316459655,-116.62431637573242,-6.0,1.106111362695694,0.001349262066418305,0.040074621034736094,0.9971642980575561,0.2824665401279926,0.0056713989553973075
153,,,271.031840801239,70000,,,,,,,,,,
154,857.7898735455826,141.0,222.66293835639954,70500,0.9950241130590439,3.2377524938583373,-117.24575659179688,-6.0,1.0847101612091063,0.0011292576906271278,0.03996349880214267,0.9972166048288346,0.28254162645339964,0.005566786007955671
155,870.4816972126624,142.0,221.86614227294922,71000,1.0004037024974823,3.259838465690613,-117.89365997314454,-6.0,1.0801562333106995,-0.0007192586401943117,0.03984190455168353,0.9972643239498138,0.2833304893374443,0.005471356149762869
156,884.4280969166726,143.0,225.20029425621033,71500,1.0071517568826676,3.238746572971344,-118.59613494873047,-6.0,1.0851870975494384,-0.0005780487852171063,0.04006079206219984,0.9973235611915588,0.2835630457997322,0.005352877980098128
157,891.8311055180814,144.0,223.66268849372864,72000,1.012371140241623,3.252684440612793,-119.27491842651366,-6.0,1.040912714242935,0.0008118205068167298,0.03997895466529096,0.9973503113985062,0.2847642212510109,0.005299377742223442
158,805.9079185314276,145.0,223.7173991203308,72500,1.0189466769695281,3.246112171173096,-119.953169921875,-6.0,1.0140605318546294,-0.0007843170592095703,0.03992634992930761,0.997427335858345,0.28436877292394636,0.005145322472788393
159,943.3383386958553,146.0,223.05618262290955,73000,1.0229536844491958,3.2293285217285157,-120.64991979980469,-6.0,1.025999121427536,-0.0003710185866802931,0.040009992241553306,0.9974511600732804,0.2848849397301674,0.005097685628570616
160,744.4814517759863,147.0,224.61885714530945,73500,1.025581455230713,3.2901784892082215,-121.17271185302734,-6.0,1.0324519326686858,-1.7845253460109234e-05,0.040126018203211766,0.9974941310882568,0.28542042088508607,0.005011741371825337
161,874.778393072515,148.0,223.54719400405884,74000,1.0321758790016173,3.300188099861145,-121.73982849121094,-6.0,1.0230011193752289,-0.0010529343332163989,0.04009853671077199,0.9975260651111603,0.2841740577816963,0.0049478693204000595
162,932.8472267155572,149.0,223.61252427101135,74500,1.033515407204628,3.2966885447502134,-122.2446043395996,-6.0,1.1068852434158325,0.00029465506435371935,0.04018430540044774,0.9975543771982193,0.28235980474948885,0.004891250597313047
163,710.5696880478009,150.0,,75000,1.0369854474067688,3.376773654937744,-122.8680929260254,-6.0,1.0114775173664092,-0.0017046100737061352,0.04023632899977038,0.997572065114975,0.2812681030035019,0.004855868545826525
164,,,275.1604905128479,75000,,,,,,,,,,
165,910.5202088042832,151.0,223.55181789398193,75500,1.0451091270446777,3.3078720998764037,-123.49338967895508,-6.0,1.112540429353714,-0.0011362601860892027,0.04045617736531673,0.997630823969841,0.2810144904255867,0.004738346241880209
166,834.3525262177546,152.0,223.2914276123047,76000,1.0480419775247574,3.372172275543213,-124.00506130981445,-6.0,1.0581960742473602,0.00015187749243341387,0.040443020632111866,0.9976421341896057,0.28000196665525434,0.0047157311434857544
167,864.4391754241087,153.0,223.24461221694946,76500,1.0531132369041443,3.3927247323989866,-124.66035067749023,-6.0,1.0383906500339508,0.0002322771076578647,0.0404192731859293,0.9976782281398773,0.2796179115772247,0.004643543152604252
168,902.4457449016178,154.0,228.90904927253723,77000,1.0558010756969451,3.4981040444374085,-125.22321896362304,-6.0,0.9958055257797241,-0.0011540335067547858,0.04046119653825559,0.997682725071907,0.2771712579727173,0.004634550376329571
169,762.8202150683051,155.0,357.5567674636841,77500,1.0637971341609955,3.557485270500183,-125.93956076049804,-6.0,1.0670323169231415,-0.0001512976479716599,0.04053644130386229,0.997693929195404,0.278764878988266,0.004612146799918265
170,874.848811856784,156.0,223.53252696990967,78000,1.0659114265441894,3.520748766899109,-126.49192727661134,-6.0,1.0121293432712555,-0.0005265210950747132,0.040572108246541554,0.9977930587530136,0.2770643548965454,0.004413885997142643
171,908.0831045482361,157.0,223.67995882034302,78500,1.0696569802761078,3.5911444296836854,-127.13922061157227,-6.0,1.0062906179428102,-0.0008153115527238697,0.04067104698846046,0.9977961548566818,0.2777633434534073,0.004407691216561943
172,847.0093888615278,158.0,222.67116260528564,79000,1.0747117837667466,3.679684857368469,-127.72251309204101,-6.0,0.9772128386497497,-0.0021085606226697562,0.04086859670732683,0.9978156801462174,0.27734931629896165,0.004368633375503123
173,941.7825696439955,159.0,224.19394707679749,79500,1.0785194300413132,3.6528624997138976,-128.3985160217285,-6.0,1.0006112320423126,0.00045554204285144805,0.040996015061378524,0.9978691936731339,0.2774808052778244,0.0042616131124086675
174,873.5320007505356,160.0,,80000,1.0834385662078858,3.692739847660065,-129.02006042480468,-6.0,1.0005479447841645,-0.0008926770519465208,0.04099809461534547,0.9978696644306183,0.2765485320687294,0.004260671142023057
175,,,273.25044298171997,80000,,,,,,,,,,
176,901.37470130644,161.0,225.3438127040863,80500,1.0871316163539886,3.7417364158630373,-129.5799362182617,-6.0,1.0168427062034606,0.0008300564328674227,0.0410975239864304,0.9978978064060211,0.27699864995479584,0.004204384933691472
177,962.5458713266867,162.0,226.86048436164856,81000,1.0926643223762513,3.732476522445679,-130.19874029541015,-6.0,0.9125122268199921,0.0007482639458030462,0.04086158192013582,0.9979459141492844,0.2759425109624863,0.004108173804823309
178,848.5311326361106,163.0,224.91211366653442,81500,1.095288136959076,3.7816992549896242,-130.84554553222657,-6.0,0.9713681585788727,2.6223907014355064e-05,0.04081640214436732,0.9979791784286499,0.27548108154535295,0.004041642622090876
179,818.7496759837538,164.0,223.2111120223999,82000,1.100909570813179,3.7797700328826904,-131.48359063720704,-6.0,0.9527237892150879,-0.00014148408966138958,0.040884933398838676,0.9979733012914658,0.2754967520236969,0.004053395969327539
180,887.5319555020227,165.0,223.17023515701294,82500,1.103667976498604,3.849097369194031,-132.18746545410156,-6.0,0.9629360380172729,-0.0018180583720095456,0.04096533451690531,0.997987054347992,0.27447544533014295,0.004025894422549754
181,858.4147353937686,166.0,223.54505133628845,83000,1.1097077994346618,3.8266449813842773,-132.77138360595703,-6.0,0.9534676644802094,0.0003245353831443936,0.041067264479165304,0.9980228970050812,0.2743889465332031,0.003954206546302885
182,960.0372732392968,167.0,223.65451741218567,83500,1.1130896921157838,3.8494066648483276,-133.27176385498046,-6.0,0.9687105455398559,0.0006319026455748827,0.041045259584514535,0.9980260043144226,0.2738260461688042,0.003947991706896573
183,832.2814203346599,168.0,223.96306848526,84000,1.1138675620555878,3.801052402973175,-133.69862036132812,-6.0,1.0528606932163238,0.001214818004053086,0.04091313172848626,0.9980594428777695,0.2733153656721115,0.0038811132344417276
184,924.5130667432799,169.0,223.9030520915985,84500,1.1193863713741303,3.9237168674468994,-134.286431640625,-6.0,0.9830336108207702,-0.0003055771344806999,0.040839746152753556,0.9980821294784545,0.27335541814565656,0.003835742576979101
185,950.7841229408098,170.0,,85000,1.125186210155487,4.004099388599395,-134.7937299194336,-6.0,1.038835030078888,-0.003553148918086663,0.04113147499779946,0.998066666007042,0.2735393536090851,0.0038666683342307804
186,,,273.11861753463745,85000,,,,,,,,,,
187,892.1369669970818,171.0,224.42084622383118,85500,1.1310672895908356,3.950035069942474,-135.46514526367187,-6.0,0.9757377331256867,0.0014537645140662789,0.04123137280117708,0.998098737001419,0.2736198254227638,0.0038025280334986747
188,879.1507819246932,172.0,223.93367338180542,86000,1.130165074110031,4.063213729381562,-135.97359259033203,-6.0,1.009190660238266,0.0018419848047196866,0.041034618733308686,0.9980876635313034,0.2759874193668366,0.003824670353438705
189,894.5819659010463,173.0,224.55815815925598,86500,1.1359427919387817,4.031635486125946,-136.5723960571289,-6.0,1.0236803380250932,0.0012298791110515594,0.04082664091833027,0.9981018770933151,0.2771366019845009,0.0037962444671429695
190,897.6047151796311,174.0,223.7623426914215,87000,1.139512957572937,4.0005812759399415,-137.0583530883789,-6.0,0.9961722185611724,0.002045903239864856,0.04063749909868909,0.9981353663206101,0.2774054532647133,0.0037292697136290373
191,892.0880840053438,175.0,224.75660848617554,87500,1.1433445081710816,4.098495141506195,-137.65984155273438,-6.0,0.9776068739891052,0.00033219015202485023,0.040600632394482895,0.9981546978950501,0.27692133909463884,0.003690610073506832
192,516.9056178933777,176.0,228.79474878311157,88000,1.1429874093532562,4.120938518047333,-138.01891491699217,-6.0,0.9924448493719101,0.0009617757436353714,0.04051313348298297,0.9981910030841827,0.27854967510700224,0.003617992687039077
193,842.5469434751432,177.0,223.7785301208496,88500,1.147391068458557,4.164505613803864,-138.3702982788086,-6.0,0.9659224218130111,0.002097410227637738,0.04026982061518761,0.9981941076517105,0.2772384376525879,0.003611785062588751
194,914.9395345840978,178.0,222.58916473388672,89000,1.1471378014087676,4.1880336780548095,-138.65008770751953,-6.0,0.9946077423095703,-0.0018659653193317353,0.04025139112918576,0.9981979802846909,0.2769443436861038,0.003604038294404745
195,869.3161558785503,179.0,223.9460666179657,89500,1.1513478260040284,4.276007896900177,-139.03270776367188,-6.0,1.0705131373405457,-0.0003280815556645393,0.040416242708704087,0.9982167536020279,0.2761904021501541,0.0035664909509941934
196,714.1251396417964,180.0,,90000,1.155845053911209,4.203906801223755,-139.35182025146486,-6.0,1.036682156085968,0.00178525712271221,0.040376897352038255,0.9982355357408523,0.2759095809459686,0.0035289268931373956
197,,,272.6081943511963,90000,,,,,,,,,,
198,915.7883585557382,181.0,222.97388792037964,90500,1.15617867064476,4.274301606655121,-139.69772692871095,-6.0,1.03712073636055,0.0009466161159798502,0.04021968528700781,0.9982749778032303,0.27583728724718093,0.0034500404275022447
199,734.8042185515538,182.0,223.79565501213074,91000,1.160852863073349,4.486128686904907,-140.04309051513673,-6.0,1.0479470186233522,0.0017088897530920803,0.04005425707105837,0.9982475910186768,0.2770741069316864,0.00350481642736122
200,821.6204024701792,183.0,224.4940140247345,91500,1.1612844462394714,4.6025770335197445,-140.13338464355468,-6.0,0.9559192678928375,0.0011354755174834282,0.03983993071712536,0.998273066997528,0.2777714090943336,0.0034538632021285593
201,890.7877029814647,184.0,224.83427047729492,92000,1.1661806843280793,4.690401059627533,-140.5144337158203,-6.0,1.025940233707428,-0.0010974464598111809,0.03982109297186702,0.9982369041442871,0.27862441635131835,0.0035261910376138987
202,835.5088891138066,185.0,223.24209189414978,92500,1.1663371560573579,4.7252760758399965,-140.75118823242187,-6.0,1.0500964736938476,-0.0034231241466477513,0.040063163059762326,0.9982592428922653,0.2796592701077461,0.0034815141865983607
203,881.7225129483517,186.0,223.55407309532166,93000,1.1719097712039948,4.84910506105423,-140.81099401855468,-6.0,1.040783697962761,-0.0012050925032235681,0.04029771586467033,0.9982715388536453,0.2819011871218681,0.003456921312958002
204,654.444493619492,187.0,224.58215975761414,93500,1.1724319272041321,4.947553621292114,-140.91998846435547,-6.0,1.0866400260925293,0.0009688709545880556,0.04033530845175819,0.9982804934978485,0.2835698718428612,0.0034390129507519303
205,836.0104528005634,188.0,223.15741801261902,94000,1.174413950920105,5.059229947566986,-141.38463311767578,-6.0,1.0165784301757812,0.0007719016114715487,0.04027666983401575,0.998297291636467,0.28737001949548724,0.003405417734757066
206,818.4597187414764,189.0,223.5037658214569,94500,1.1768081965446473,5.010039759159088,-141.64180535888673,-6.0,0.9952802248001099,-2.4375495966523885e-05,0.040226203764152486,0.9983014135360718,0.29025557738542557,0.003397169535048306
207,972.0635512504867,190.0,,95000,1.1813257207870484,5.076274475574493,-142.06683227539062,-6.0,1.007434249162674,-0.0007140260930173099,0.04027063855134035,0.9983053147792816,0.2928727154135704,0.003389369438402355
208,,,273.3163266181946,95000,,,,,,,,,,
209,918.1364262659679,191.0,223.2140064239502,95500,1.1846695063114165,5.0790740575790405,-142.23296673583985,-6.0,0.9882385640144348,-0.0031116965510882438,0.040429993415766995,0.9983223959207534,0.2958931019306183,0.003355208795517683
210,851.4315346223577,192.0,223.377534866333,96000,1.1872732365131378,5.066126655101776,-142.7122012939453,-6.0,0.9234393720626831,-0.0009691232587210834,0.040678625354876354,0.9983340612649918,0.29917201095819473,0.0033318736529909074
211,774.8280693663569,193.0,224.31770539283752,96500,1.1904119045734405,5.21242963218689,-143.05722143554686,-6.0,0.9726719765663147,-0.0010134190903045236,0.04079156231320695,0.9983043192625046,0.3014438427090645,0.0033913606735877693
212,892.5713516138525,194.0,224.08879446983337,97000,1.192454094171524,5.289211490631104,-143.7153341064453,-6.0,1.0202661564350128,-0.0023452334641478954,0.041024323276076004,0.9983204382658005,0.3048554319143295,0.003359122724737972
213,851.1136426951255,195.0,224.89638376235962,97500,1.190762891769409,5.566591602325439,-144.23259490966797,-6.0,1.0249195938110351,-0.0011330365645699204,0.04118256273813498,0.9982908138036728,0.30782362979650496,0.003418370900209993
214,763.2830777277366,196.0,224.4642117023468,98000,1.1984924774169923,5.428540245532989,-144.81898876953124,-6.0,1.0017627658843995,-0.0036988482936285436,0.04146105536498045,0.9983162586688995,0.31008682656288145,0.003367484830785543
215,831.7733915793855,197.0,223.45436549186707,98500,1.1995405225753784,5.659691126823425,-145.1850250854492,-6.0,1.0195598121881484,-0.0008125036910641938,0.04167142350848778,0.9982180738449097,0.31477981626987456,0.0035638518016785385
216,764.9448157049603,198.0,223.85554790496826,99000,1.1989438452720642,5.952279944896698,-145.85490185546874,-6.0,1.0196353919506074,-0.0009809895961079747,0.04163465944593074,0.9979607998132706,0.32109452730417254,0.004078402247279882
217,861.4623882149955,199.0,223.75417733192444,99500,1.1986865425109863,6.298884808540344,-147.49988671875,-6.0,1.0027791912555695,0.005736396324122325,0.04152322981541789,0.9970592116117477,0.32298663598299027,0.00588157714297995
218,60.89861474155417,200.0,,99999,1.2010444061072891,6.317407270710549,-149.03185302734374,-6.0,0.9062672805786133,0.003738132556900382,0.04099907336741513,0.9968799054025409,0.3217461134245496,0.006240187471318161
