,episode_reward,episode,duration,step,batch_reward,critic_loss,actor_loss,actor_target_entropy,actor_entropy,alpha_loss,alpha_value,BYOL_L2_MSE_loss
0,0.0,1.0,12.420820236206055,125,,,,,,,,
1,23.579030900784034,2.0,0.4707069396972656,250,,,,,,,,
2,20.747401348917606,3.0,0.47235774993896484,375,,,,,,,,
3,15.208494239734875,4.0,0.4743623733520508,500,,,,,,,,
4,22.388913929606666,5.0,0.47288036346435547,625,,,,,,,,
5,16.786626931975075,6.0,0.47214484214782715,750,,,,,,,,
6,21.279484872018013,7.0,0.4715564250946045,875,,,,,,,,
7,26.341675891684616,8.0,0.4713311195373535,1000,,,,,,,,
8,32.46511410728092,9.0,102.73552680015564,1125,0.17827382600307465,0.2090203994512558,-0.8761060091238173,-6.0,7.0345303690622725,0.9276145900052691,0.09971569540277861,0.7613646259307861
9,28.250625764623397,10.0,102.53407669067383,1250,0.18821861684322358,0.11752534520626068,-1.5577766914521494,-6.0,7.629032258064516,0.9831601246710746,0.099079081298512,0.25842978739738465
10,37.26458020074072,11.0,102.73497867584229,1375,0.19078479886054991,0.11622327655553817,-1.8660665674815102,-6.0,7.657485212598528,0.9736829286529904,0.09845992039484167,0.13067065411806106
11,15.197183150475292,12.0,102.9335732460022,1500,0.19548445117473603,0.12815632218122483,-2.148312751323946,-6.0,7.657233038256245,0.9607582015375937,0.09785011636007013,0.09390920025110244
12,37.41103167797129,13.0,103.17906165122986,1625,0.19759285068511964,0.1296594759821892,-2.388986012292287,-6.0,7.49367314293271,0.946807895387922,0.09725144690083419,0.05995119324326515
13,25.311046500397563,14.0,103.27839541435242,1750,0.19988514637947083,0.12869561594724654,-2.6350713353003226,-6.0,7.396380685990857,0.9269640695664191,0.096663555452621,0.0434340831041336
14,30.736818969957596,15.0,103.41807460784912,1875,0.20958698856830596,0.1902857546210289,-2.8450558109888955,-6.0,7.4748978766184,0.89319137921409,0.09609303994483671,0.04207423931360245
15,50.962167503242775,16.0,103.45153760910034,2000,0.21868958723545073,0.1417635041475296,-3.112744585160286,-6.0,7.3621856474107314,0.89427464431332,0.09552470208076265,0.033779220685362814
16,41.86126039421959,17.0,83.84360837936401,2125,0.23386391007900237,0.16664187824726104,-3.3313537590087408,-6.0,7.180362080770825,0.8471338663782392,0.09497034645100783,0.03376743437349796
17,74.06047059236217,18.0,68.22084355354309,2250,0.24853015542030335,0.2224833061695099,-3.699937420506631,-6.0,6.861612719874228,0.7705602078668533,0.09444812902017921,0.030815636456012725
18,47.69679435459289,19.0,68.3336431980133,2375,0.25707062041759493,0.2078091312646866,-3.985631246415396,-6.0,5.877893077002631,0.5995226999123892,0.0939981170726892,0.02599158085882664
19,44.14024230728482,20.0,68.51233696937561,2500,0.25967382526397703,0.37087479352951047,-4.563963897766605,-6.0,5.577790329533238,0.5061560340466038,0.0936367251899538,0.03348186406493187
20,29.802040340921465,21.0,69.97277927398682,2625,0.2676234300136566,0.2689526625871658,-5.271719682784307,-6.0,5.184192869398329,0.4568579873395345,0.09330768289974112,0.021028814643621444
21,62.729708384320794,22.0,70.9356279373169,2750,0.27477863419055937,0.43898172545433045,-5.2551037957591396,-6.0,6.074341170249447,0.6156513090095213,0.0929149439428413,0.024939719200134276
22,82.48630031268495,23.0,70.45650219917297,2875,0.2945653872489929,0.30173577404022217,-6.156056994483585,-6.0,5.391916600484697,0.50342767768436,0.09251491522544755,0.017494827583432196
23,57.41055848455364,24.0,70.62360095977783,3000,0.2959297330379486,0.3074935532808304,-6.661370877296694,-6.0,5.395973120966265,0.5403939807607282,0.09212347791371427,0.016461105957627297
24,49.784423675949654,25.0,71.1669852733612,3125,0.3040493621826172,0.36037661862373355,-6.906449098435659,-6.0,5.751396065666562,0.5697371207532429,0.09169789222768548,0.01696217877417803
25,50.344239771440364,26.0,71.67961812019348,3250,0.3098475985527039,0.27273272061347964,-7.741216874891712,-6.0,5.431040079362931,0.527903621715884,0.09127306742311331,0.013600356496870518
26,72.45323454165828,27.0,71.52298951148987,3375,0.3201273295879364,0.27125056147575377,-8.306892107403467,-6.0,5.560451886010548,0.5581876143576607,0.09084485412586947,0.013008873417973518
27,73.70670484510171,28.0,71.71598696708679,3500,0.3304396870136261,0.25916902244091033,-8.782747207149383,-6.0,5.701810606064335,0.5867650758835578,0.09038351649333146,0.012479714103043079
28,82.67939613117807,29.0,72.4544608592987,3625,0.33988779258728025,0.23742991411685943,-9.24528359609937,-6.0,5.731291914743091,0.5940578409603664,0.08990860344690481,0.011682733699679374
29,58.483519495296385,30.0,72.82152605056763,3750,0.34382008576393125,0.22694882202148436,-9.631820647947249,-6.0,5.786296606063843,0.60283352771113,0.08942192791513993,0.011064716644585132
30,60.482413971270276,31.0,73.06286811828613,3875,0.3514499361515045,0.20989698588848113,-10.025831918867807,-6.0,5.776623801579551,0.5984191913453359,0.08893353866673741,0.01036559283733368
31,64.31138561131907,32.0,73.05563378334045,4000,0.350095730304718,0.1935061523914337,-10.401817783232659,-6.0,5.705808908708634,0.5922696196263836,0.0884451871863793,0.010271698839962482
32,53.458039598902005,33.0,73.4700243473053,4125,0.3626915776729584,0.20754326438903808,-10.821755575755287,-6.0,5.679397741953532,0.5844453450233217,0.0879610916620497,0.009536646902561188
33,103.86413287083094,34.0,73.83139157295227,4250,0.3704259407520294,0.19049855589866638,-11.274875948506017,-6.0,5.630873241732197,0.5802230998393028,0.08748076309375898,0.00894952843338251
34,52.88058278691388,35.0,74.19385886192322,4375,0.3693846018314362,0.18001741802692414,-11.677231970287504,-6.0,5.661087967100597,0.572314042893667,0.08700309313225373,0.008650851301848889
35,51.645528695784456,36.0,74.77807831764221,4500,0.3730458116531372,0.19117222142219542,-12.111470114800237,-6.0,5.590593645649571,0.5591368482958886,0.08653360392315056,0.00818098473548889
36,52.99644139489677,37.0,75.12010931968689,4625,0.376069974899292,0.21379005944728852,-12.450941070677741,-6.0,5.651466664813814,0.5644367337226868,0.0860637536939513,0.008215565159916878
37,62.83881044822728,38.0,75.72765278816223,4750,0.3773461973667145,0.21449349057674408,-12.871749216510404,-6.0,5.612932651273666,0.5590314317134119,0.08559258141586448,0.007708984535187483
38,49.75127953834942,39.0,75.79358291625977,4875,0.3861016654968262,0.20069098293781282,-13.369346209934779,-6.0,5.525564519185869,0.5428570480573744,0.08513022255244572,0.006985521756112576
39,111.02337224841565,40.0,,5000,0.39869832730293275,0.2160805560350418,-13.88139792411558,-6.0,5.483004731516684,0.5315234766852471,0.08467690757373607,0.006830768376588822
40,,,81.79450535774231,5000,,,,,,,,
41,131.5376637895797,41.0,76.73917293548584,5125,0.41384561610221865,0.24288214576244355,-14.338411588517447,-6.0,5.55529390819489,0.5276107840121739,0.08422813430173727,0.006934375073760748
42,66.20388895206011,42.0,77.02331447601318,5250,0.41183390402793885,0.23361717462539672,-14.809594246648974,-6.0,5.553672344453873,0.5227080924857047,0.08378125945418607,0.0071037796474993226
43,54.58579870863978,43.0,77.48196983337402,5375,0.42059972500801085,0.24957955753803254,-15.340716240898011,-6.0,5.555641257573688,0.5150247717660571,0.08333668177896206,0.0067273821495473386
44,178.55859089360214,44.0,77.93400597572327,5500,0.4411759672164917,0.2949721835851669,-15.884020974559169,-6.0,5.560760951811267,0.5133320977610927,0.08289612034127762,0.006521653901785612
45,118.76758173387744,45.0,123.58541297912598,5625,0.44700422310829163,0.2659023085832596,-16.36456839243571,-6.0,5.541541553678966,0.5124762829334016,0.08245250393179904,0.0061539910361170765
46,53.325189531432464,46.0,126.30013465881348,5750,0.45918814778327943,0.2843490674495697,-16.82727429174608,-6.0,5.557304943761518,0.5073758570417282,0.08201036057706804,0.005908678773790598
47,200.04396737361876,47.0,127.62625312805176,5875,0.4767324793338776,0.37523997807502746,-17.334953520033096,-6.0,5.549021213773697,0.49806287932017496,0.08157307216301615,0.0068113538660109045
48,71.78917140831913,48.0,128.38805961608887,6000,0.48463171362876895,0.2853370921611786,-17.816314081991873,-6.0,5.413918879724318,0.498495796034413,0.08113878322814726,0.005407904867082834
49,139.5742265171249,49.0,129.6812756061554,6125,0.4878591568470001,0.3042090109586716,-18.160179501488095,-6.0,5.401412403772747,0.48987567519384717,0.08070626627094235,0.0054620753079652785
50,34.98198750667647,50.0,130.9352045059204,6250,0.48787442207336423,0.3165804761648178,-18.65553988179853,-6.0,5.414152022330992,0.485467285398514,0.08027715092542288,0.005483734358102083
51,180.5977997059782,51.0,131.71244311332703,6375,0.49987645530700686,0.3720763912200928,-19.286562662276012,-6.0,5.361576670692081,0.477999599680068,0.07985084635949513,0.005640314713120461
52,55.122550618197394,52.0,133.14799094200134,6500,0.5099049305915833,0.3787215242385864,-19.73947940334197,-6.0,5.32479816098367,0.467067493065711,0.07943446422834506,0.005241049263626337
53,180.60202836669808,53.0,133.93459177017212,6625,0.5263090336322784,0.44442285776138307,-20.396545228504,-6.0,5.239021248287624,0.46206377990662106,0.07901726836360587,0.0059244388937950134
54,179.75202707271188,54.0,135.43195295333862,6750,0.5431253688335419,0.43544233417510986,-20.970141995337702,-6.0,5.223775402192147,0.45577782921252713,0.07860562153170648,0.005608522426337003
55,216.6417521080722,55.0,136.1289176940918,6875,0.5645424506664276,0.4384291763305664,-21.729235664246573,-6.0,5.11242539542062,0.4405647331760043,0.07820374824969109,0.005818579610437155
56,129.85081146632976,56.0,137.89963936805725,7000,0.5701066267490387,0.48358354544639587,-22.200900077819824,-6.0,5.086521340954688,0.429609150655808,0.07780911695928305,0.00517682297155261
57,169.13097156542474,57.0,139.0690131187439,7125,0.5816655254364014,0.4095304591655731,-22.746767467922634,-6.0,5.056802628532289,0.42124728645597187,0.07742320994365459,0.0048803770206868645
58,78.71637073457866,58.0,140.5505335330963,7250,0.5894338898658752,0.44390219593048097,-23.319312833970592,-6.0,4.987797637139598,0.4115014244471827,0.07704114899851844,0.004586428394541145
59,164.28880019205081,59.0,141.3954484462738,7375,0.6027651343345642,0.4931352300643921,-23.918236081562345,-6.0,5.003568066491021,0.4117970381464277,0.07666024412721394,0.004772197876125574
60,252.22497947971985,60.0,143.1854214668274,7500,0.6236606941223145,0.5718020212650299,-24.578730244790354,-6.0,4.948261453259375,0.4071089106221353,0.07628089545047095,0.005053470760583877
61,95.4543162377365,61.0,144.49906468391418,7625,0.6293308763504029,0.5814980707168579,-25.14855378771585,-6.0,4.948516679188562,0.402338954664412,0.07589868750051451,0.004555027993395924
62,226.19383044617595,62.0,145.48744940757751,7750,0.6368081164360047,4.572970492362976,-25.099403935094035,-6.0,5.6232339720572195,0.29963343374190793,0.07554169643488524,0.015345789644867183
63,46.70755268460794,63.0,146.9737410545349,7875,0.6315557646751404,1.3642702188491822,-25.793582401578387,-6.0,6.472225166502453,0.3867661338003855,0.07524526523236155,0.005394279768690467
64,47.14992170768951,64.0,148.41639852523804,8000,0.6348277916908264,0.9151518177986145,-26.32508530155305,-6.0,5.861154225564772,0.40876278137007066,0.07485969967957862,0.004157088587060571
65,129.17398606227027,65.0,150.0029730796814,8125,0.6367359609603882,0.8189946165084839,-26.80466309804765,-6.0,5.542620076073541,0.4072156231554728,0.07446433397000526,0.003832729971036315
66,79.52887526570368,66.0,151.8387851715088,8250,0.6484738326072693,0.7776855530738831,-27.552160755280525,-6.0,5.27940430179719,0.39026043395842275,0.07407515961903867,0.003614756401628256
67,212.69197634615168,67.0,153.00578498840332,8375,0.662523376941681,0.7772019205093383,-28.24471092224121,-6.0,5.050761964586046,0.37457813251586186,0.07370356926156844,0.0032532687969505786
68,243.4857260089866,68.0,154.35766625404358,8500,0.6777920942306519,0.7749233965873719,-29.022105278507357,-6.0,4.917023858716411,0.3638996159838092,0.07334090801695613,0.00323678582534194
69,190.55882070951833,69.0,156.1832456588745,8625,0.6943693470954895,0.8184423851966858,-29.790527252923873,-6.0,4.78135173282926,0.3551025225056542,0.07298471692730503,0.003129063395783305
70,242.3873183744104,70.0,157.7401988506317,8750,0.7106730432510376,0.874952793598175,-30.512238594793505,-6.0,4.640413499647571,0.34414918961063506,0.07263592395176899,0.003030316010117531
71,218.54974631055583,71.0,159.35778498649597,8875,0.7285518255233765,0.9976238856315612,-31.201688705928742,-6.0,4.537564701504177,0.3284400805594429,0.07229540881635492,0.0030127174612134696
72,271.52985997835077,72.0,160.90453243255615,9000,0.747008511543274,0.9485064239501954,-31.81287725510136,-6.0,4.51133188509172,0.32119240203211386,0.07196716450637758,0.002848459241911769
73,227.16412972957633,73.0,162.64872026443481,9125,0.758377284526825,1.0621590456962586,-32.56756718953451,-6.0,4.411673182532901,0.30604574888471575,0.0716445540327402,0.0029212945364415644
74,246.29621194729702,74.0,164.78138160705566,9250,0.7749773755073547,1.0762434697151184,-33.52466835514192,-6.0,4.2842543394334855,0.29634654906488234,0.07133099669518952,0.0029136422201991082
75,252.00096791831814,75.0,166.28683352470398,9375,0.7929631032943726,1.0465488352775574,-34.37679266551184,-6.0,4.220284916105724,0.29246477144105093,0.07102331246799688,0.0028321883641183377
76,278.4428982243981,76.0,167.55591773986816,9500,0.8102999291419983,1.3591176557540894,-35.14112663269043,-6.0,4.151849850531547,0.28694754646670434,0.07071614167629467,0.002859262889251113
77,222.00979370390326,77.0,169.3646912574768,9625,0.8298233671188354,1.189201066493988,-35.9559208097912,-6.0,4.0702603090377085,0.28204350197125994,0.07040938876559638,0.0026412923131138087
78,200.90350280233693,78.0,171.16188716888428,9750,0.8241710767745972,1.1706368618011476,-36.321118939307425,-6.0,4.0993121285592355,0.2754439668309304,0.07010472245919436,0.0029941445365548134
79,30.07181512357413,79.0,172.70748615264893,9875,0.8255867476463318,1.206764600276947,-36.714527856735955,-6.0,4.105714907721867,0.2793381282734492,0.06979966342716833,0.002941082298755646
80,63.780835042936715,80.0,,10000,0.8186669111251831,1.385330418586731,-37.02550826534148,-6.0,4.1165250309052,0.27267256234922715,0.06949084320675036,0.0032406472079455854
81,,,186.79234671592712,10000,,,,,,,,
82,123.73508923996198,81.0,176.64621472358704,10125,0.8169619755744935,1.381970823287964,-37.476817842513796,-6.0,4.102265225516425,0.276451067318992,0.06918211361186041,0.003012152202427387
83,34.573747005344906,82.0,179.16841101646423,10250,0.816493752002716,1.3731892204284668,-38.10860473878922,-6.0,4.098723350032683,0.2713362089087886,0.06886872807035616,0.003041941737756133
84,110.67064707873521,83.0,180.4807665348053,10375,0.8242986059188843,1.668375358581543,-38.536703018915084,-6.0,4.129787918121096,0.2704915752013524,0.06855730291022247,0.003614406492561102
85,291.73900756346757,84.0,182.43480706214905,10500,0.8451199440956115,1.7963786849975585,-39.36333059495495,-6.0,4.084583378607227,0.2712046230031598,0.0682422498667324,0.0036453148759901526
86,295.3846017696448,85.0,184.44258856773376,10625,0.859225058555603,1.559102120399475,-39.9346681625124,-6.0,4.015936215718587,0.2615420184438191,0.06792951365663799,0.0028118385616689922
87,207.67309767388554,86.0,186.04020285606384,10750,0.8670629920959473,1.653950566291809,-40.74579201975176,-6.0,3.9532949270740634,0.25491551766472476,0.06762471128388087,0.002824366495013237
88,71.6751045808806,87.0,188.44867610931396,10875,0.8690976691246033,1.5222553339004516,-41.2208384559268,-6.0,3.937162573375399,0.26077045642194296,0.06731482465735446,0.0026888698246330025
89,190.25116264045744,88.0,190.27870512008667,11000,0.875616979598999,1.69192938041687,-42.06830523090978,-6.0,3.9831310510635376,0.25789911179773267,0.06699883316968637,0.002616312811151147
90,243.8276976414345,89.0,192.0055947303772,11125,0.8870991888046265,1.908171769142151,-42.8084707108755,-6.0,3.873951699998644,0.24973126559976547,0.06668824657135568,0.0027174715343862774
91,248.24222628389867,90.0,194.0056574344635,11250,0.8961087784767151,1.9236240539550782,-43.51936771023658,-6.0,3.8532574484425206,0.24960312127105652,0.06638085508964325,0.002422424415126443
92,222.2112272708695,91.0,197.21365427970886,11375,0.9007039098739624,1.7688790302276611,-44.079972282288566,-6.0,3.840599983457535,0.2546665103189529,0.06606705568340626,0.0024440474435687065
93,270.5067855789957,92.0,198.12403440475464,11500,0.9223330783843994,2.03030570602417,-44.930099364249934,-6.0,3.8165054821198985,0.2447242102315349,0.06575287452491674,0.0027859736531972885
94,277.7291927423094,93.0,200.58787846565247,11625,0.9417274003028869,2.365498846054077,-45.648213220021084,-6.0,3.826233436190893,0.24696991533514054,0.06544250541254833,0.003278519244864583
95,301.9056298903769,94.0,202.27491068840027,11750,0.9482365050315857,1.799958662033081,-46.512929670272335,-6.0,3.6131891704374746,0.22854424243973148,0.06513923712400631,0.00247379551269114
96,231.17735998836636,95.0,204.89807772636414,11875,0.9547927794456482,2.2681092653274537,-47.21799487159366,-6.0,3.6691948572794595,0.226542653072448,0.06484491630922735,0.003051871070638299
97,262.8430236503086,96.0,206.65132570266724,12000,0.9702309551239013,1.9277559957504273,-47.78411766790575,-6.0,3.534154011357215,0.23027106662911753,0.06454731005813653,0.002463869512081146
98,274.7641328871497,97.0,209.25659346580505,12125,0.9870098128318786,2.109328336715698,-48.7700444781591,-6.0,3.509984145088801,0.22583216263188255,0.06424915271497597,0.002683360667899251
99,273.97430290268454,98.0,211.15741276741028,12250,0.9985261635780335,2.1920925369262694,-49.84070513325353,-6.0,3.479809538010628,0.21238382184697735,0.06395696854903807,0.002906690100207925
100,306.20050177056476,99.0,214.42955827713013,12375,1.011638810634613,1.8613141984939576,-50.56877112010169,-6.0,3.533809567254687,0.21434380114078522,0.06367138079377498,0.0021928670220077036
101,191.0650299452548,100.0,215.62773251533508,12500,1.0172108125686645,1.8104275360107422,-51.24837881518948,-6.0,3.456906164846113,0.20759429157741607,0.06338501883311203,0.002166714811697602
102,220.12564710437522,101.0,218.55794143676758,12625,1.020019121170044,2.04620530128479,-51.825543539864675,-6.0,3.3528000210958813,0.2034191077663785,0.06310147315077029,0.002048139965161681
103,295.20784782755317,102.0,220.46584677696228,12750,1.0262873721122743,1.8978432788848878,-52.525825808125155,-6.0,3.3100288683368313,0.20071444540254532,0.06282151022130328,0.0020539954490959643
104,287.1602083790931,103.0,223.20128655433655,12875,1.0483521556854247,2.0770949735641477,-53.59458202785916,-6.0,3.2481088259863475,0.19119094241233098,0.0625455445916771,0.00210817189887166
105,219.54271197139224,104.0,225.19459795951843,13000,1.0510681819915773,2.3214038038253784,-54.18340516859485,-6.0,3.1548391542127057,0.18822973365745238,0.06227784582123431,0.0022420555371791126
106,176.06303571906193,105.0,227.71494579315186,13125,1.0631046705245972,2.276264023780823,-54.67950524224175,-6.0,3.148557265599569,0.18693130640756517,0.06201011468906743,0.002197024714201689
107,336.69947925100183,106.0,229.8044946193695,13250,1.0782869129180908,2.413827292442322,-55.505565397201046,-6.0,3.126467812445856,0.1800319509160134,0.061744397691535634,0.0023572380039840937
108,182.1422380155168,107.0,233.40848088264465,13375,1.084164674758911,3.732522087097168,-55.674071599566744,-6.0,3.322759507194398,0.17866897086302438,0.06147699591373955,0.004442661890760064
109,275.2811435506194,108.0,234.24572610855103,13500,1.0979418983459472,2.575728594779968,-56.79567312425183,-6.0,3.1626817718628915,0.17217573859999258,0.061217328449311326,0.0024348178431391715
110,352.3905530021342,109.0,236.8219289779663,13625,1.102751540184021,2.234390440940857,-57.56907163347517,-6.0,3.0465263714866033,0.16818386245341527,0.06095980176207275,0.002137181570753455
111,304.37803382321135,110.0,239.46742415428162,13750,1.11456015253067,2.308450092315674,-58.441563452443766,-6.0,2.9993159924784014,0.1627899804903615,0.06070862457814645,0.0022926647756248714
112,355.27773695101206,111.0,242.50089573860168,13875,1.132763189315796,2.2642837228775026,-59.41015316191174,-6.0,2.943480166177901,0.15688482187097036,0.06045974714824151,0.0022029516920447348
113,311.45194945364653,112.0,244.6639847755432,14000,1.1495463066101075,2.2571578063964846,-60.16309375147666,-6.0,2.9579859856636292,0.1478696360943779,0.06022050956472313,0.0021601646095514297
114,356.1190325764279,113.0,246.47090482711792,14125,1.1670359010696412,2.2272819290161134,-61.41709930177719,-6.0,2.838947553483267,0.14052885013913352,0.05999181059588837,0.0021474943328648804
115,332.6668743509909,114.0,249.38514351844788,14250,1.1729970073699951,2.3662407875061033,-62.23313866892168,-6.0,2.82196242578568,0.13549128234867128,0.05976819288863418,0.0022288745604455472
116,368.4956952090749,115.0,254.37716698646545,14375,1.1942456817626954,2.21745814037323,-63.06706570822095,-6.0,2.7492192889016773,0.13079733165010574,0.05954540288909773,0.0020547065958380697
117,363.07840020291127,116.0,254.2378044128418,14500,1.2077071809768676,9.4420562210083,-63.933106268605876,-6.0,2.9178011571207354,0.13473208645178425,0.059329123425697246,0.005544958224520087
118,298.5950064200411,117.0,257.1548173427582,14625,1.2033000268936158,6.610745048522949,-64.43099267142159,-6.0,4.266244683946882,0.0904586838173961,0.05914726006612483,0.00350528465770185
119,137.39237404910318,118.0,259.44683051109314,14750,1.2199782037734985,3.1452607345581054,-65.83424211317494,-6.0,3.3772805390819425,0.13172907778812992,0.05894210736062072,0.002093671018257737
120,368.23915261264244,119.0,263.2975392341614,14875,1.239721827507019,2.563794858932495,-67.21457720559741,-6.0,2.9866102650052024,0.11848476907563588,0.0587215727909667,0.0019497258346527816
121,370.3945956120005,120.0,,15000,1.2313180856704713,2.9738382205963134,-67.4678964922505,-6.0,2.88038105733933,0.11817379836593905,0.058509096983591455,0.0019140897616744042
122,,,277.2619502544403,15000,,,,,,,,
123,48.62469768751816,121.0,267.9011814594269,15125,1.2327178926467897,3.1434400424957274,-67.96747685992528,-6.0,2.779191463712662,0.11885913355009896,0.05829373782068417,0.0018726323135197162
124,170.4392276954854,122.0,269.98952627182007,15250,1.2409384365081788,3.0070669384002686,-68.78778199226626,-6.0,2.671385492047956,0.11472577349312844,0.05807732429131799,0.0018522769063711165
125,364.05193564777034,123.0,274.3210620880127,15375,1.2553612022399903,3.0053926315307615,-69.93551926385788,-6.0,2.4919146583193825,0.10615601225031747,0.057865075683886644,0.0020207784939557313
126,394.24356116953,124.0,275.25802874565125,15500,1.2744296407699585,3.2784047050476075,-70.91958802746188,-6.0,2.4904015487240208,0.10134280016345362,0.057669880021487145,0.0018238449655473233
127,395.12772232483235,125.0,278.92483139038086,15625,1.2802886095046997,3.2322295989990235,-71.55624777173239,-6.0,2.482145933877854,0.09697033807871834,0.05747572061469389,0.0017652906589210034
128,272.0737479755467,126.0,280.796320438385,15750,1.2878471717834472,3.6986391906738283,-72.24148325766286,-6.0,2.519718623930408,0.09292125521648315,0.05728562242767853,0.0017723750527948142
129,304.85650503387114,127.0,284.2360851764679,15875,1.2967056102752685,3.4184647426605226,-73.01538994198754,-6.0,2.3836065000957913,0.08842761684504766,0.05710303837963433,0.0017701194882392883
130,353.67357402307687,128.0,286.5107328891754,16000,1.3039762992858888,3.6238726444244387,-73.8039672605453,-6.0,2.41160927280303,0.08408071605428573,0.05692192310138261,0.001843162713572383
131,139.61769374577509,129.0,289.2631826400757,16125,1.3131178960800172,3.858596260070801,-74.42979479592944,-6.0,2.444409347715832,0.08439477941110021,0.05674404094866806,0.0018278526794165374
132,401.6537688075457,130.0,292.6087079048157,16250,1.328336898803711,3.7086159591674805,-75.540708357288,-6.0,2.29539284975298,0.07648334441886794,0.056571598509281326,0.0018741415552794934
133,379.88736047404757,131.0,296.115825176239,16375,1.3306224145889283,4.017575134277344,-75.8545158022926,-6.0,2.31683107406374,0.07246700946300749,0.05640768033893784,0.0019037217702716589
134,241.20183114894238,132.0,301.2201907634735,16500,1.3439272899627686,4.503412145614624,-77.15615057176159,-6.0,2.3553978973819363,0.07606285690299926,0.05624020595837506,0.001949523886665702
135,307.0149202095746,133.0,302.04054021835327,16625,1.3458860359191895,3.7548111171722414,-77.72697291298518,-6.0,2.263777155724783,0.06736429875332212,0.056076048062478664,0.0019173690676689149
136,377.1343231963848,134.0,305.0483958721161,16750,1.3644511032104492,4.297172018051148,-78.63483527398878,-6.0,2.2236345448801593,0.06654474535776723,0.05591878820898352,0.002161380238831043
137,407.2486807425565,135.0,307.47211241722107,16875,1.3826726722717284,4.661481142044067,-79.99557337685236,-6.0,2.274885302498227,0.05686119127841223,0.055768356587090416,0.0024926515743136407
138,366.80618711520805,136.0,311.21129512786865,17000,1.3886702632904053,8.440325874328613,-79.91356548186272,-6.0,2.3360390913101936,0.05645240909389911,0.05563174389074859,0.004051503770053387
139,136.80985432589677,137.0,313.40815567970276,17125,1.3882337942123413,4.707253269195556,-81.0093761625744,-6.0,2.33047872687143,0.04747723941765134,0.05549616805258865,0.002178995894268155
140,343.143641907288,138.0,316.6498248577118,17250,1.3889391746520996,4.186635286331176,-81.93503361363565,-6.0,2.1636113774391914,0.04806073860175187,0.05537690501597349,0.0019179969038814306
141,85.01444446675289,139.0,319.3142087459564,17375,1.3949057664871216,4.018805154800415,-82.68631017775763,-6.0,2.092489866983323,0.05120044979192908,0.055247324743023456,0.0017915763128548861
142,383.6086536990255,140.0,324.8135666847229,17500,1.3983312225341797,4.146347522735596,-83.22418089835874,-6.0,2.119462836173273,0.0427022723841571,0.05511573078952168,0.001766181070357561
143,400.42994829653134,141.0,325.85177636146545,17625,1.4162992115020752,4.42421001625061,-84.21100701226129,-6.0,2.162589852772062,0.043319028255248825,0.054999186951738166,0.002374301500618458
144,372.2554733967368,142.0,329.27399373054504,17750,1.4297301530838014,4.37423219871521,-85.39184939476752,-6.0,2.09767561381863,0.03945134147520988,0.054883660438225165,0.0017029826119542122
145,136.0547281455738,143.0,332.17581009864807,17875,1.4229144420623778,4.2781636428833005,-85.99539535764664,-6.0,2.0356586471436517,0.03669976030609438,0.0547711476471122,0.001615684324875474
146,409.39957263957723,144.0,335.31820917129517,18000,1.4418472099304198,4.566344947814941,-86.9686050415039,-6.0,1.985724272266511,0.035604900597865065,0.05466157570564238,0.0016179209966212511
147,367.40263038541156,145.0,338.8203716278076,18125,1.4543719997406006,4.925715698242188,-87.77137829008556,-6.0,1.959822204377916,0.026395269928293094,0.054568984041931036,0.0017476904392242432
148,356.46582386474626,146.0,341.5039837360382,18250,1.454325837135315,4.9188739185333255,-88.40275635257844,-6.0,1.9944310957385647,0.022160162099622068,0.05449019744873077,0.001667812092229724
149,81.42913285459778,147.0,345.47524094581604,18375,1.4508035469055176,5.783100299835205,-89.48253958565849,-6.0,1.8950099718003046,0.0096229061536077,0.054438157423497474,0.0019837953709065915
150,405.7778410420201,148.0,351.1347086429596,18500,1.4586798753738404,5.921259912490845,-90.01898045693675,-6.0,1.8888993936200296,0.0005188760865900305,0.05442399973309752,0.0017988077513873576
151,74.10324856235172,149.0,352.09873247146606,18625,1.4592034158706666,5.492226926803589,-90.68141573951358,-6.0,1.8827293316523235,0.001636750999808548,0.05441115908436348,0.0017421441413462161
152,392.1634722754234,150.0,355.0207393169403,18750,1.4733385915756225,5.693377614974976,-91.254822146508,-6.0,1.9202125937707963,-0.008024944307943505,0.054421192121136816,0.0017823209818452596
153,382.84597301541396,151.0,358.54145908355713,18875,1.486207592010498,5.152008110046387,-92.65750376383464,-6.0,1.7293251639320737,-0.013513312586361454,0.05446308032348265,0.0016543212831020356
154,367.4579146622692,152.0,362.1609697341919,19000,1.4888516683578492,5.424090774536133,-93.64159885529548,-6.0,1.6780985324613509,-0.018219809554847737,0.05452328111382408,0.001745502533391118
155,396.7255335090349,153.0,365.4593632221222,19125,1.5049256076812745,5.296507024765015,-95.01842401898097,-6.0,1.6512579558387634,-0.028564807216060303,0.054615809586697595,0.0016208934430032968
156,360.76375737816704,154.0,368.2053678035736,19250,1.5106744518280029,5.485583003997803,-95.77580962642547,-6.0,1.5281117635388528,-0.040816358741252654,0.05475542418119956,0.0015909724347293378
157,382.71563758568936,155.0,371.5426404476166,19375,1.5117029151916503,5.328241031646728,-96.57399519663008,-6.0,1.5912942091623943,-0.03934042374529536,0.054918388940892605,0.0016121288407593966
158,398.68150280819765,156.0,378.15423560142517,19500,1.5350363616943359,5.254257028579712,-98.0376685357863,-6.0,1.4617996831094064,-0.04731657410100583,0.055104882182550566,0.0016370237953960895
159,401.08409881029297,157.0,378.9316563606262,19625,1.54237668800354,5.2312851181030275,-98.84089902847532,-6.0,1.4110940259600442,-0.045605724766140894,0.055304990791539485,0.0015918319057673215
160,418.8295361093485,158.0,382.3150417804718,19750,1.5597235813140868,5.742963199615478,-100.44477007465977,-6.0,1.4101862099862867,-0.046282010197999976,0.05550903733694794,0.0017306736204773187
161,408.9993247501398,159.0,385.76191425323486,19875,1.5643160743713378,8.739794624328614,-100.77342272561694,-6.0,1.3572120269139607,-0.0433135133768831,0.055720009208113125,0.002824766393750906
162,208.1660285890439,160.0,,20000,1.5693005399703979,9.191722721099854,-101.76567053025768,-6.0,1.580900167265246,-0.04843318961080043,0.055927113181338826,0.0023309652842581274
163,,,401.7261915206909,20000,,,,,,,,
164,350.29008602911244,161.0,392.30100774765015,20125,1.573785903930664,6.103203887939453,-103.65093182760572,-6.0,1.3579754886173068,-0.05101240204558486,0.05615413610139717,0.0015033577233552933
165,420.20282373275705,162.0,395.2557816505432,20250,1.5872989177703858,5.335151403427124,-104.79104688090663,-6.0,1.2249260765890921,-0.04749592060163137,0.05640342110742101,0.001460682850331068
166,384.95593626605887,163.0,399.3028199672699,20375,1.5891354446411132,5.043561901092529,-105.4452412923177,-6.0,1.1953602168295119,-0.05092322087240598,0.05663983769585716,0.0014521608911454678
167,446.7038986771453,164.0,405.92513942718506,20500,1.6046452302932739,5.196973344802856,-106.61741392074093,-6.0,1.1585672968818295,-0.04803185140894305,0.05689091073605012,0.001483814287930727
168,403.2995811406482,165.0,407.0300555229187,20625,1.610045548439026,5.088899833679199,-107.79295228019593,-6.0,1.208956673977867,-0.04577999185061171,0.05712628548216508,0.001372739166021347
169,405.98466020622016,166.0,410.4341673851013,20750,1.6181188526153565,4.813671979904175,-109.00082385155463,-6.0,1.1542385412800698,-0.04029874834081819,0.057354117672651445,0.00130454708263278
170,364.1561656297207,167.0,415.64015436172485,20875,1.6468737936019897,4.781787588119506,-110.34302084786552,-6.0,1.172370311759767,-0.042608492372054906,0.05757595445789415,0.0013938933387398719
171,432.0440271889069,168.0,419.32499289512634,21000,1.6382060871124267,5.009053163528442,-110.83030171548167,-6.0,1.1851110141123495,-0.044660910858862826,0.05780794191079515,0.0014380842559039593
172,382.42509848649934,169.0,422.79836559295654,21125,1.6481561641693114,4.9160259857177735,-111.85569302997892,-6.0,1.1834544520529489,-0.0435372514738923,0.058049640996832914,0.001339026464149356
173,433.11982843060275,170.0,426.38985443115234,21250,1.669904227256775,4.914330118179321,-113.27765470935452,-6.0,1.1385266030988386,-0.04383864142601528,0.05830683964613838,0.0014625993128865957
174,437.0845375332248,171.0,430.06018352508545,21375,1.679634962081909,4.814864181518555,-114.58263009691996,-6.0,1.1649486063018677,-0.04786426866693156,0.05856959455898199,0.0014305003844201564
175,442.3455525550693,172.0,433.8217964172363,21500,1.6839928283691405,5.338902383804322,-115.45820826868857,-6.0,1.1283745140798631,-0.05069272965192795,0.05885739800183463,0.00157730158790946
176,318.58858885695093,173.0,439.95798540115356,21625,1.6900565299987793,5.464844116210937,-116.60002136230469,-6.0,1.1721497215921917,-0.04513687989304936,0.05914998292005411,0.0014752227012068033
177,201.32991952620245,174.0,441.4265389442444,21750,1.6856912813186646,5.855360887527466,-117.2039178417575,-6.0,1.2200143221885926,-0.041983660948913426,0.0594110009317134,0.0015696479324251414
178,389.8281797936751,175.0,446.37162566185,21875,1.6866301889419555,7.01291410446167,-117.93925948370071,-6.0,1.166213730024913,-0.045949754852151116,0.05968284349150226,0.0018555157482624055
179,366.82381332601426,176.0,449.4154462814331,22000,1.7000823631286621,6.933592868804932,-119.69541783486643,-6.0,1.1528959312746603,-0.04027928727408571,0.05995876398305498,0.001672614412382245
180,184.29719085548936,177.0,454.26555919647217,22125,1.703590563774109,6.226730937957764,-120.0245113070049,-6.0,1.0977556090506295,-0.043729054416337655,0.06023227488257455,0.0015180055238306523
181,391.6371340809322,178.0,457.70991683006287,22250,1.723279182434082,6.26832922744751,-121.39161239131805,-6.0,1.0356818591394732,-0.03589705121703446,0.0604869758062933,0.0015069005563855171
182,447.7689266206793,179.0,461.4655079841614,22375,1.7252823476791381,5.6118805236816405,-122.10652899363684,-6.0,1.1586535393245636,-0.031135283632292635,0.06072022720263004,0.0013866682071238755
183,412.1993001691359,180.0,463.8089225292206,22500,1.7246099653244018,5.968763851165772,-123.14412307739258,-6.0,1.008918519942991,-0.0364274084718237,0.06094701682107036,0.001447895860299468
184,405.0062753629388,181.0,472.4981210231781,22625,1.734771945953369,6.234292591094971,-124.06072998046875,-6.0,1.0817377851122902,-0.03434489558761319,0.061178133003935854,0.0014494732283055782
185,204.75526864167614,182.0,471.5702078342438,22750,1.729960810661316,7.604776557922364,-124.35872465564358,-6.0,1.143423637074809,-0.03771658093037625,0.06143572855154786,0.0017150527387857436
186,214.07399361130936,183.0,477.3807945251465,22875,1.7314973440170287,7.194600337982178,-125.44802711123512,-6.0,1.2517204672571212,-0.0329687473999839,0.061700089098527325,0.0015679822955280542
187,415.72626906806323,184.0,480.79843854904175,23000,1.746095850944519,6.520640796661377,-126.71213494577715,-6.0,1.11758305853413,-0.04075976235852126,0.061965546370937326,0.0015935946311801672
188,449.8511989577096,185.0,485.7365005016327,23125,1.7525596551895142,5.977307529449463,-127.74470774332683,-6.0,1.144362125131819,-0.0348547806460706,0.0622612417564578,0.0013657593205571176
189,442.96136659334564,186.0,488.5917069911957,23250,1.761635929107666,6.512767011642456,-128.53689784388388,-6.0,1.1614446668855605,-0.03575902966962707,0.06252855911303885,0.0013651426509022713
190,319.49517987450605,187.0,493.0603950023651,23375,1.760118480682373,6.091801067352295,-129.13293142167348,-6.0,1.2409960145042056,-0.039603408403872026,0.06281099187431723,0.0013262715730816125
191,280.8714512430246,188.0,496.41513299942017,23500,1.7782733430862427,6.141329170227051,-130.35467073994297,-6.0,1.128461855073129,-0.03135537817293117,0.06310330632303478,0.0014069361258298159
192,430.2319460508701,189.0,503.706946849823,23625,1.7757620067596436,6.6424143028259275,-130.84491124228825,-6.0,1.1735405013674782,-0.02644779366840209,0.06333422770630524,0.001467611864209175
193,136.4074557052908,190.0,503.94996976852417,23750,1.7712685012817382,6.542116626739502,-131.0879398469002,-6.0,1.1451240306900394,-0.024805132021767,0.06354907649277429,0.001390771433711052
194,441.975404723812,191.0,509.61881136894226,23875,1.7836632108688355,6.48874732208252,-132.3924085828993,-6.0,1.1640816529591878,-0.021280302743737895,0.06372838835260317,0.0014483544118702413
195,410.4988661843101,192.0,513.5795788764954,24000,1.7962786617279052,8.766042850494385,-133.37788329585905,-6.0,1.3005196163731236,-0.02163757749780592,0.06391776268251907,0.0018479129262268543
196,432.6359430184008,193.0,519.7224650382996,24125,1.8090517444610597,7.239576030731201,-133.87772381494915,-6.0,1.2275456587473552,-0.01812377181051979,0.06408817840090143,0.0015475249346345663
197,396.4998558233216,194.0,523.3530426025391,24250,1.81072895526886,5.971199211120606,-134.79310509466356,-6.0,1.1374427474314166,-0.022467714816992803,0.06428176121682795,0.0013054810110479593
198,430.74352985570215,195.0,526.4247653484344,24375,1.8172440118789672,5.872172424316406,-135.52716161334325,-6.0,1.2164132273386394,-0.02221133158216992,0.06448253034202009,0.001421246649697423
199,447.6572981342996,196.0,530.966783285141,24500,1.8309802646636963,5.526964202880859,-136.8353987663023,-6.0,1.149886885958333,-0.027665640077283307,0.06470552122013659,0.0013181271143257618
200,427.2532576493637,197.0,539.4797160625458,24625,1.8331469593048095,5.62327453994751,-137.67774115668402,-6.0,1.2095657615434556,-0.0285565444445681,0.06500742683291702,0.0013116088192909956
201,383.87693315824754,198.0,539.2383351325989,24750,1.8431868705749512,5.875160011291504,-138.457271452873,-6.0,1.1884609845376783,-0.03722169256258395,0.06532236346345778,0.0012859666962176562
202,426.56036488976645,199.0,544.401433467865,24875,1.8528312511444092,5.366762084960937,-139.89591253371466,-6.0,1.1203795170027113,-0.03462000891921066,0.06566155294958194,0.001208243515342474
203,339.5188064696801,200.0,,25000,1.8585490789413452,5.885425693511963,-140.660524183704,-6.0,1.2073873887138982,-0.03585230049887492,0.06602009051260366,0.001365227684378624
204,,,560.3964879512787,25000,,,,,,,,
205,395.36816897179955,201.0,555.3424744606018,25125,1.8613791971206666,5.676566997528076,-141.33826289101253,-6.0,1.1322304086079673,-0.0411447352981047,0.06639501755558716,0.0014594159685075282
206,272.64372328897866,202.0,558.1367735862732,25250,1.8596397409439087,6.136119873046875,-141.97029950541835,-6.0,1.1535376723735564,-0.042750540655106306,0.06683033356458291,0.0014697641171514987
207,385.8393910004604,203.0,562.719465970993,25375,1.871318444252014,6.577408935546875,-142.94799732026598,-6.0,1.0964970512995644,-0.04403179811520709,0.06727297409174642,0.0015136911161243915
208,442.8331479995578,204.0,566.9670889377594,25500,1.8813445377349853,7.070460971832276,-143.84377141152657,-6.0,1.2186818170932032,-0.04529268120325381,0.06772349493104382,0.0015935187377035618
209,433.5532802266515,205.0,575.1278915405273,25625,1.877016159057617,6.575812599182129,-144.7475358266679,-6.0,1.0731193584109109,-0.0526893852308156,0.06820909628870303,0.0015347447469830514
210,284.33173326744776,206.0,575.9285571575165,25750,1.8913505477905272,7.35876753616333,-145.4905501334898,-6.0,1.1587176794005978,-0.04596564658887444,0.06870080881222766,0.0016986089814454318
211,436.46727671763347,207.0,581.2693471908569,25875,1.892686161994934,6.878582153320313,-146.42598227849084,-6.0,1.2259204453892178,-0.04602963487721152,0.06915668367552118,0.0015976611133664846
212,431.72363874325845,208.0,585.2065322399139,26000,1.8980611972808838,5.971542274475097,-147.44261464764995,-6.0,1.2006263011886227,-0.04178011890560869,0.06960412883699113,0.0013801738787442446
213,393.5419336953292,209.0,590.6119973659515,26125,1.911870680809021,6.523899429321289,-148.3492891826327,-6.0,1.1917621569027976,-0.044323048066525234,0.07003558089387647,0.0014584826771169902
214,418.6781422687183,210.0,593.6672501564026,26250,1.9145142765045167,5.958842037200927,-149.42195670835434,-6.0,1.131147842253408,-0.04285800633125848,0.07044010542306782,0.0015059318859130145
215,399.71489121730855,211.0,599.6211593151093,26375,1.9156840772628785,5.899492584228516,-150.05377076164123,-6.0,1.1635187334484525,-0.044524234024778245,0.07090989722226292,0.0013679567202925682
216,429.9787240327015,212.0,602.8192462921143,26500,1.9351603689193726,6.060905387878418,-150.74978686917214,-6.0,1.1714244821379263,-0.044545641769805265,0.07133361132576554,0.0014588300604373217
217,442.8933929062137,213.0,609.9090621471405,26625,1.9356922044754028,6.106868125915527,-151.97987220400856,-6.0,1.1890168530600411,-0.04386417782081971,0.07179066397082177,0.0015068558305501938
218,407.4091983713405,214.0,616.3943476676941,26750,1.9375096101760865,6.060364524841309,-153.1154302781628,-6.0,1.1726273586673122,-0.04670227236384826,0.07223702520144103,0.0015195950604975225
219,453.47540056864244,215.0,618.008394241333,26875,1.9532080507278442,5.54400110244751,-153.75970071459574,-6.0,1.2215928416403512,-0.04014384854466669,0.07268316160554222,0.0014350465796887874
220,459.3183945591068,216.0,622.5531401634216,27000,1.954838921546936,5.465868644714355,-154.52302920433783,-6.0,1.2318510663124822,-0.03768303354210671,0.07308962762194753,0.001467027846723795
221,460.487416164357,217.0,626.3940179347992,27125,1.974470344543457,5.412391822814941,-155.89281427292596,-6.0,1.249796656389085,-0.04127521988832288,0.07347658250627229,0.0015699127465486527
222,435.1825025286111,218.0,565.0539863109589,27250,1.9695511054992676,5.3757554664611815,-156.76411634875882,-6.0,1.1852317442817073,-0.039859616197645664,0.07388690598085366,0.0016339698117226362
223,426.8068218654994,219.0,341.15521574020386,27375,1.9899590415954589,5.109501941680908,-157.4178486173115,-6.0,1.209608965449863,-0.03452402735424657,0.07427924358309441,0.0017151866704225541
224,431.93920997291764,220.0,339.6898114681244,27500,1.9903589220046998,5.986737255096435,-158.5957048477665,-6.0,1.2952543477858267,-0.036389689832445116,0.07464424784920454,0.001997835885733366
225,372.2998312064163,221.0,341.6717345714569,27625,1.9818102951049805,10.158216423034668,-158.7738320486886,-6.0,1.4731991045058719,-0.04417522720223854,0.07505327997396524,0.0037606424186378716
226,441.88390466578704,222.0,346.5733470916748,27750,1.9921684608459473,5.220563245773316,-159.37776331747733,-6.0,1.4311219434584341,-0.036740519243457746,0.07553292145150053,0.001657115899026394
227,367.92454507573655,223.0,346.46928429603577,27875,2.004059331893921,5.237874263763428,-160.75519331674727,-6.0,1.2995550149963015,-0.03184425364810205,0.07588412207149854,0.0015656185038387775
228,407.8435052880089,224.0,349.8934452533722,28000,2.0039760522842407,5.251877418518067,-161.15003622731854,-6.0,1.3153416783578935,-0.02995900115028264,0.07622351758967665,0.001493458015844226
229,370.3253008681471,225.0,351.8395869731903,28125,2.010153136253357,5.014707931518554,-161.92002941313245,-6.0,1.2943442369264269,-0.029348652074409145,0.07655780477736768,0.0014425782803446055
230,436.28574749217745,226.0,354.7898328304291,28250,2.019654154777527,5.514656555175781,-162.75973141577936,-6.0,1.3042622256663539,-0.029418216342286717,0.07688932112427209,0.0015572388712316752
231,314.92912152238927,227.0,357.1857268810272,28375,2.01250687789917,6.0535757522583005,-163.0867384653243,-6.0,1.2826105261605882,-0.02326336570660628,0.077198779929706,0.0014640453755855561
232,451.63242703678173,228.0,360.24746346473694,28500,2.0164460830688475,6.633305549621582,-163.69441887640184,-6.0,1.3971812994249406,-0.024754369439887663,0.07746913789726143,0.0015347576513886452
233,400.26212121855485,229.0,361.9459638595581,28625,2.0373761854171755,5.569278182983399,-165.06495012555803,-6.0,1.3064674053873335,-0.02329181733777717,0.07777073602975405,0.0013641049396246672
234,368.6968487996584,230.0,370.28802275657654,28750,2.039029414176941,6.928194534301758,-165.64548960039693,-6.0,1.3819784704715974,-0.023356431392922757,0.07802223208198136,0.002050308281555772
235,364.8739302687007,231.0,372.6102912425995,28875,2.049133798599243,5.854004043579102,-166.30500236390128,-6.0,1.349080761273702,-0.025809067035359994,0.07836154546607396,0.0014743594881147146
236,374.2535520930676,232.0,376.7805299758911,29000,2.048529414176941,5.779751276016236,-167.3072790330456,-6.0,1.2615811786343973,-0.02495154165737932,0.07867073747752733,0.0014454828817397356
237,184.6587858022266,233.0,377.1260223388672,29125,2.0461772232055666,5.7094182472229,-167.510496109251,-6.0,1.275720333296155,-0.02027228670490403,0.07893965138638258,0.0014747710805386304
238,467.0601996012674,234.0,375.98504614830017,29250,2.0474627771377563,6.04620645904541,-168.63716519263482,-6.0,1.2792974470123168,-0.018922165250255456,0.07922911398209333,0.0014249368347227574
239,444.8444214677371,235.0,378.8033244609833,29375,2.057422920227051,6.745835014343262,-169.23641677129837,-6.0,1.3098189017129322,-0.017222376048771873,0.07944838373923559,0.0015638524759560824
240,412.57831700546575,236.0,381.1391968727112,29500,2.0613914976119996,6.22178145980835,-169.47755112186556,-6.0,1.302268507019166,-0.012615612197306848,0.07967738121748116,0.0015301788412034512
241,392.648446000304,237.0,385.22401332855225,29625,2.0588071279525755,5.734682960510254,-170.13880944630458,-6.0,1.4059264432816279,-0.013842127189808895,0.07984676550927076,0.0013693084847182036
242,427.187330563943,238.0,389.3612127304077,29750,2.0745809984207155,5.925617122650147,-171.28672987414944,-6.0,1.2694760512921117,-0.015668836317115253,0.08007484680969947,0.0013252422250807285
243,403.8771515708817,239.0,390.57308864593506,29875,2.065954478263855,6.410465564727783,-171.1404782249814,-6.0,1.4086149628200229,-0.006720061450901013,0.08027004131778297,0.0014566054549068213
244,454.6972640074026,240.0,,30000,2.0776470909118654,6.528551967620849,-172.09070168772053,-6.0,1.2999795386868138,-0.01587596780342621,0.08039552605311946,0.0013614321183413266
245,,,399.3237555027008,30000,,,,,,,,
246,426.1129421436978,241.0,394.8196909427643,30125,2.086009883880615,5.21990556716919,-172.68790496341765,-6.0,1.263446088821169,-0.01395871917835422,0.08062675834756655,0.0013581703808158636
247,456.86935115451166,242.0,397.88110065460205,30250,2.0903795404434202,5.253470386505127,-173.89310332267516,-6.0,1.3310434222221375,-0.015219831854225166,0.08084309312669755,0.0012312087267637253
248,386.3514122760395,243.0,400.43909764289856,30375,2.098918276786804,5.06699282836914,-174.4329579671224,-6.0,1.290871919147552,-0.01547851963412194,0.08110559516899135,0.0013159014526754617
249,455.63988823739544,244.0,449.0286560058594,30500,2.1060616788864137,5.605589706420899,-175.29325669811618,-6.0,1.2414830163601906,-0.021252329806767164,0.08139747718877435,0.0012793046664446592
250,447.88609421121583,245.0,772.6524891853333,30625,2.1063731870651243,4.948760019302368,-175.7550545344277,-6.0,1.3054784214685833,-0.011902467800407775,0.08166308437478628,0.0011440604627132415
251,461.0698452136809,246.0,785.1566517353058,30750,2.119166489601135,4.915291143417359,-176.58433237383443,-6.0,1.2691494332205864,-0.01181653582100426,0.08187599054946852,0.0011768294796347617
252,441.5753227721473,247.0,783.8511698246002,30875,2.120625512123108,4.94785626411438,-177.04270959278895,-6.0,1.2729443292769174,-0.014889999462794217,0.08211668499713866,0.0011328569948673248
253,443.4010707648298,248.0,789.8899807929993,31000,2.1231087942123414,5.237487785339355,-177.8394295477098,-6.0,1.2507286119845606,-0.011320919275373941,0.08234968350412003,0.0012140495143830776
254,463.9944613919421,249.0,794.8023972511292,31125,2.1319892835617065,4.9958521804809575,-178.33562312050472,-6.0,1.2021466654444497,-0.010300850403302956,0.08253130026352103,0.0012123813778162002
255,457.07077560778384,250.0,802.8681914806366,31250,2.1518088006973266,5.104464067459107,-179.6978493967364,-6.0,1.1737777013932504,-0.014910712716124591,0.08271163111258095,0.00127743598818779
256,451.06323032746457,251.0,805.7249054908752,31375,2.1498595008850097,4.51675694847107,-180.23881215897816,-6.0,1.1812089085578918,-0.015260271014763958,0.0830145548099701,0.001152979141101241
257,446.0359553344238,252.0,812.2744829654694,31500,2.149806192398071,5.2878712387084965,-180.54104392759263,-6.0,1.1904716078312165,-0.004937550984323025,0.08324288533750988,0.0012438866440206767
258,460.1142762615114,253.0,817.7273752689362,31625,2.150307283401489,5.04716234588623,-181.48713877844432,-6.0,1.219649422736395,-0.008787470060356316,0.0833544174087864,0.0014197619818150998
259,50.13414641822557,254.0,798.7547473907471,31750,2.15466353225708,5.429208423614502,-182.12003474081718,-6.0,1.2060203302291133,-0.004158306235988294,0.08348135919161752,0.0015058680176734925
260,392.5905482802524,255.0,443.1971712112427,31875,2.148088188171387,5.220527549743652,-182.59061952621218,-6.0,1.226441986977108,-0.007836423267329496,0.0835767876131446,0.0013557303957641125
261,259.3428376051277,256.0,444.58580017089844,32000,2.149253541946411,4.975848873138427,-183.39744641703945,-6.0,1.1553694894236903,-0.008530098163793165,0.08372210376206447,0.001261081948876381
262,458.07214558472435,257.0,438.16034746170044,32125,2.163995822906494,5.048392978668213,-184.09141831170945,-6.0,1.2090149001469688,-0.004480330935043711,0.08389669025232335,0.0012522571552544832
263,409.79492292097837,258.0,439.4730134010315,32250,2.1541608943939208,5.951930540084839,-183.94976929695375,-6.0,1.2466204262548877,-0.002638263627886772,0.08396845049764716,0.001396187288686633
264,380.4552745724401,259.0,443.1400327682495,32375,2.1715913581848145,5.091779651641846,-185.25362820095486,-6.0,1.2958811067399525,-0.004231110023009399,0.0840533953608034,0.0012186840046197176
265,463.99603552889005,260.0,445.69479513168335,32500,2.17507546043396,5.404854846954346,-185.72652066138482,-6.0,1.2099087565175948,-0.012485326862999148,0.08426764084787561,0.0013178317081183196
266,447.6343446640522,261.0,449.9053454399109,32625,2.1894186191558838,4.791838884353638,-186.46947346036396,-6.0,1.1538926306225004,-0.007401680958176416,0.08444250517644163,0.001222165545448661
267,451.92413693118226,262.0,451.61534333229065,32750,2.186800775527954,5.145868732452392,-187.21954296481223,-6.0,1.1836440630497471,-0.004635663990366964,0.08450857949794931,0.0012173708602786063
268,249.17312941877026,263.0,457.7730677127838,32875,2.182237991333008,5.174473182678223,-187.5154784671844,-6.0,1.190066531537071,-0.0014323050577548287,0.08465102047145348,0.0012346806693822145
269,423.0639808221483,264.0,457.7350869178772,33000,2.189627561569214,5.272396934509278,-188.08803066130608,-6.0,1.167782522016956,-0.004589151110379926,0.08469963952271728,0.001356230691075325
270,446.52149304540643,265.0,461.1189634799957,33125,2.1941649932861327,6.2636191864013675,-188.77103581504215,-6.0,1.1978238187138996,-0.0084615511568411,0.08478073372453722,0.001481762820854783
271,401.41645580005553,266.0,462.217232465744,33250,2.1967908821105957,5.386716194152832,-189.3373290031187,-6.0,1.2883011198812915,-0.0037022182913196665,0.08494605907347393,0.0011322335619479418
272,443.26308411793383,267.0,465.9843382835388,33375,2.201963963508606,5.4135808181762695,-190.07476176912823,-6.0,1.2280704558841766,-0.0024814685790001284,0.0850885487950219,0.0011293052621185779
273,458.6222510663724,268.0,468.9321265220642,33500,2.2146310081481935,5.397060176849365,-190.98931761710875,-6.0,1.2062161660963489,-0.009973941855282793,0.08516496404353416,0.0012684595137834548
274,413.357483654208,269.0,470.98839569091797,33625,2.212928260803223,5.916885719299317,-191.06271338084386,-6.0,1.2788387120716156,-0.005397743733954572,0.08537770167380744,0.0012377376854419708
275,303.15798473423985,270.0,473.74495697021484,33750,2.2211843547821046,5.258452760696411,-191.84154928884197,-6.0,1.2579077424541596,-0.004459632500525444,0.0855195729690733,0.0011647516041994096
276,462.7420795537791,271.0,478.4492359161377,33875,2.2148650798797607,6.115266599655151,-191.8427957201761,-6.0,1.3261043382069422,0.000759142255114894,0.08560991363719211,0.0015334211848676204
277,459.29094703418264,272.0,480.5180597305298,34000,2.232635408401489,5.639586042404175,-192.73187871133126,-6.0,1.2209315886420589,-0.004551670146024515,0.08558558514596197,0.0013186646550893783
278,292.6329579896894,273.0,483.54967522621155,34125,2.2175420360565186,5.338511932373047,-193.35864984421502,-6.0,1.249106314447191,-0.007283039812353395,0.08572665556022911,0.001297332776710391
279,420.80054543952866,274.0,485.67041301727295,34250,2.2286231632232667,5.2871436042785644,-194.01371051419167,-6.0,1.302314200708943,-0.005415238503877434,0.08587954505381062,0.0011945114005357028
280,468.7944529646708,275.0,492.4077696800232,34375,2.2327751693725584,5.531602355957031,-194.37986319405692,-6.0,1.2431110938390095,-0.005607306181142728,0.08605518601353672,0.0011157877687364816
281,472.1904545786242,276.0,493.8611648082733,34500,2.2531984481811524,5.444545783996582,-195.31928474672378,-6.0,1.2564447387572257,-0.010601640329696238,0.08621177110282778,0.0012501647733151912
282,448.50826215510654,277.0,496.80969619750977,34625,2.2493900814056396,5.127762422561646,-195.8382861425006,-6.0,1.2135739950906663,-0.003972041568467541,0.08638361640499102,0.0011113275736570358
283,470.37542292251226,278.0,499.8305187225342,34750,2.2500556926727295,5.255771343231201,-196.5650843958701,-6.0,1.204411857551144,-0.008636426094228463,0.08658296406315472,0.0012753951139748095
284,437.563014584898,279.0,893.75599360466,34875,2.2519851989746096,5.087685037612915,-196.84885588146392,-6.0,1.2504867561279782,-0.004359467021588769,0.08675945829974609,0.0011008534021675587
285,389.9202330649797,280.0,,35000,2.2570406379699706,5.641870397567749,-197.1661140688004,-6.0,1.1938133778110627,-0.012026469869118544,0.0869513325140412,0.001246447253972292
286,,,979.9245805740356,35000,,,,,,,,
287,471.3875532567782,281.0,978.3881144523621,35125,2.2586896266937257,5.546351980209351,-197.90418425060454,-6.0,1.1941829106164357,-0.0002025120174660096,0.08713080564377476,0.0011911422815173865
288,464.1051502539189,282.0,983.0115978717804,35250,2.271416707992554,5.986403053283691,-198.25995069934476,-6.0,1.2424302947136663,-0.0014282628375616286,0.08718939672455138,0.001271462980657816
289,425.49882289428194,283.0,990.4994158744812,35375,2.267095314025879,5.379580245971679,-199.03391399080792,-6.0,1.2098011478545174,-0.001450942415330145,0.08717024227943211,0.0011777830384671689
290,466.2687285061249,284.0,995.9731812477112,35500,2.2858187561035157,5.441209751129151,-199.94327495944114,-6.0,1.225466949324454,-0.0015089484382300607,0.08723611986245092,0.0011948299035429955
291,449.6898227343867,285.0,1001.773428440094,35625,2.286298980712891,5.561101068496704,-200.29874989343068,-6.0,1.1771877502638197,0.0011420724968913766,0.08724211557611422,0.0011883355770260097
292,430.15156784403683,286.0,1005.1087293624878,35750,2.285322883605957,6.9872221145629885,-200.95026176206528,-6.0,1.2698718386311685,0.0030022222706447203,0.08715334765853446,0.0015891684982925654
293,467.13365857838556,287.0,1024.7685286998749,35875,2.2903304023742677,5.410868419647217,-201.50618610684833,-6.0,1.3158177364440191,-0.001478050517598315,0.08715963432300021,0.0011515171639621257
294,461.7258880893048,288.0,729.8877854347229,36000,2.307756658554077,5.202346588134765,-201.93055971207158,-6.0,1.1898305839107883,0.00018288679946694644,0.08716103561968289,0.0011139913033694029
295,449.77780579992196,289.0,535.5505266189575,36125,2.304437536239624,5.679702020645141,-202.59478154258122,-6.0,1.192827906873491,0.001621575652813864,0.08713563681442302,0.0013353967759758235
296,448.6328748815177,290.0,537.4554097652435,36250,2.302076316833496,4.921033483505249,-202.68539379489036,-6.0,1.1340457066412895,-0.0033310817924493384,0.0871421617985986,0.001056383915245533
297,446.16320998257964,291.0,540.5814571380615,36375,2.3168149585723876,5.05149606513977,-203.43509225996715,-6.0,1.1686742059768191,-0.008970640893537728,0.08736208548587322,0.0010278846584260463
298,435.4216795160943,292.0,543.5448279380798,36500,2.312859769821167,5.399452892303467,-203.97730230516004,-6.0,1.0921357706669839,-0.0017211969280915877,0.08756487428000967,0.0010850005093961954
299,443.90202561380374,293.0,549.2234604358673,36625,2.327909168243408,5.61091170501709,-205.08934214758494,-6.0,1.120622059655568,-0.0021805919481382246,0.08756710796553102,0.00109106120839715
300,289.80748797373303,294.0,559.2988204956055,36750,2.316124053955078,5.6390421619415285,-205.34964186145413,-6.0,1.1228953417270415,0.00040627938822933264,0.08761675318310994,0.0012620366588234901
301,448.3060284615496,295.0,572.6169550418854,36875,2.324382465362549,6.189377407073975,-205.91317385718935,-6.0,1.1745225654708014,-0.005320066955709268,0.08763245318246635,0.0012384443059563638
302,482.38887443900757,296.0,577.8667430877686,37000,2.3323246898651124,5.296460340499878,-206.0398936117849,-6.0,1.1207657648671059,0.001590142646173556,0.08767369281425447,0.0011199317015707492
303,426.8353189026808,297.0,581.85391497612,37125,2.3269597682952883,5.896712104797364,-206.53948199559773,-6.0,1.0920256205967493,-0.0034098224677441137,0.08773330077325822,0.0011476977095007895
304,460.19932028908164,298.0,587.8796763420105,37250,2.3347659320831298,5.70528076171875,-207.0811053860572,-6.0,1.0590695036995796,-0.006722313408259182,0.08793393689088642,0.0010838174615055323
305,450.32958338515834,299.0,585.8967659473419,37375,2.350082286834717,5.762424270629883,-207.82782248845177,-6.0,1.0650033950805664,-0.008315329946252325,0.0880992114852823,0.001214987125247717
306,325.1659327759541,300.0,592.5095014572144,37500,2.337740783691406,5.9458012161254885,-208.00245248117756,-6.0,1.049742127618482,-0.006411741912034491,0.08831977983100363,0.001263760954141617
307,483.2762752177082,301.0,598.5250146389008,37625,2.3415919418334963,5.652212116241455,-208.99157254658047,-6.0,1.0538307863568503,-0.006141764850961784,0.08855225660788403,0.0011731874160468578
308,433.8864776919622,302.0,590.4614353179932,37750,2.3505451679229736,5.320000595092774,-209.56106690437562,-6.0,1.0622839341240544,-0.007213688498708389,0.08871097221677988,0.0011275123171508312
309,442.2094125479816,303.0,582.569162607193,37875,2.362249938964844,5.832746208190918,-210.06314934624567,-6.0,1.1400272940832472,-0.0057053341944184564,0.08887326249423147,0.0011772970631718635
310,442.3508827498446,304.0,590.8696177005768,38000,2.354941661834717,5.8166597442626955,-210.37905760734313,-6.0,1.0988100920954058,-0.011814106342142387,0.08919871079548809,0.001151288688182831
311,468.1669582722467,305.0,575.5440983772278,38125,2.3644662284851075,5.478965805053711,-211.3148936922588,-6.0,1.1074457878158206,-0.0006170894041480053,0.08941174112947832,0.0011329913344234228
312,451.3710681731878,306.0,587.836460351944,38250,2.364603904724121,6.545908893585205,-211.34435887490548,-6.0,1.0830697282668083,-0.004725358028325343,0.08947192084324603,0.0012194930035620928
313,428.7549307210819,307.0,599.0586588382721,38375,2.3752525310516357,6.073722076416016,-212.35753086635046,-6.0,1.1023477732189118,-0.005561692909973245,0.08958977564832343,0.0012718807067722082
314,453.87843843181065,308.0,607.2068064212799,38500,2.3740669593811035,6.148751674652099,-212.51709427372103,-6.0,1.066917852047951,0.00040053802865347074,0.08969046693777172,0.0012440391387790442
315,243.9718971371046,309.0,609.2794816493988,38625,2.3825284042358397,6.14725899887085,-213.55289592440167,-6.0,1.031274439796569,-0.0033569298869383242,0.08973939080382982,0.001129948040470481
316,466.0085112048002,310.0,609.1104619503021,38750,2.3804708137512205,6.057720245361328,-213.4601573328818,-6.0,1.0882581808874685,-0.0033821427233276828,0.0898677126856938,0.001223825851455331
317,88.31550311404031,311.0,611.306725025177,38875,2.3765079593658447,5.8710228538513185,-214.01825459798178,-6.0,1.0336208352966914,-0.010924889591507732,0.09011630634325933,0.0011863583903759718
318,468.84649999240645,312.0,625.7102193832397,39000,2.3763024730682374,7.0765814743041995,-214.19755357311618,-6.0,1.1334940819971022,-0.007034936951728718,0.09033646383888236,0.0013273242302238942
319,453.2008701659501,313.0,619.0008518695831,39125,2.379274929046631,6.4143551750183105,-215.07059708852617,-6.0,1.1340057944494581,-0.0005228242001658868,0.09044396368834501,0.001438638560473919
320,302.43223175607864,314.0,625.34410405159,39250,2.3852204341888426,7.365773994445801,-215.34256572108114,-6.0,1.1492927035977762,0.007326745180292956,0.09033408998842582,0.0017413388062268496
321,418.4639858110102,315.0,631.5342643260956,39375,2.376529220581055,5.8448772048950195,-215.83631582108754,-6.0,1.0776604045005072,-0.0006662251294723579,0.09021408527026617,0.001160858105868101
322,474.12802285889,316.0,631.4587347507477,39500,2.395135824203491,6.06305122756958,-216.47422618250692,-6.0,1.0461526484258714,0.0031583029251064983,0.09022279100841667,0.0011621369887143374
323,462.52350777013606,317.0,635.6787216663361,39625,2.3882400665283203,6.494153736114502,-217.16830202132937,-6.0,1.0384962889883254,0.0029579254591630567,0.09008799984860037,0.0012134091407060624
324,464.92289630565904,318.0,646.1544840335846,39750,2.402113176345825,5.912877162933349,-217.59098028367566,-6.0,1.0245216210042276,0.0016567718139999816,0.09001452956942677,0.0011178134251385928
325,453.5188401943384,319.0,649.101615190506,39875,2.3952947082519533,6.36939164352417,-218.29260229685949,-6.0,1.0365013309887476,0.0028727073813714678,0.08994599657468548,0.0011361570339649915
326,458.0283999589108,320.0,,40000,2.406563606262207,6.280514835357666,-218.98120904737902,-6.0,1.0432453463154454,0.004231869566044019,0.08992561746677417,0.0011074047349393368
327,,,658.5604181289673,40000,,,,,,,,
328,435.376808805712,321.0,649.0143940448761,40125,2.415138994216919,5.664294437408447,-218.89440264020647,-6.0,1.0218085504713512,0.0027939962178823493,0.08974236014171467,0.0011035641208291054
329,456.9805144700695,322.0,658.3918669223785,40250,2.408213148117065,5.372421283721923,-219.47589480492377,-6.0,1.0483818034971915,-0.0009791968698282876,0.08970414919489722,0.0010295837558805942
330,416.2725944415814,323.0,660.4327085018158,40375,2.4155473537445067,5.74548927116394,-220.13905068049354,-6.0,1.0066339998018174,0.004416168822596471,0.08968465604654507,0.0011164832804352045
331,437.59725141561023,324.0,662.6640198230743,40500,2.419302698135376,5.36715156173706,-220.15218747046686,-6.0,1.0353877928949171,0.004994358189569246,0.08956632839454975,0.0010869629140943288
332,455.13854184444733,325.0,668.5711965560913,40625,2.434033926010132,5.522747005462646,-221.2216508653429,-6.0,0.985640547578297,-0.0026873657590753977,0.08951068303812611,0.0010186019707471132
333,460.0662065533759,326.0,670.5900156497955,40750,2.4307381191253663,6.486790740966797,-221.6892574679467,-6.0,1.0139300948189152,-0.0067034700449796454,0.08962128919656848,0.0012045990321785211
334,437.61421324673336,327.0,673.6766359806061,40875,2.4265923767089843,6.685144107818603,-222.22455415271577,-6.0,1.0368620289696588,0.0006848858735923256,0.08973881250109383,0.0011731057465076446
335,395.35309302802085,328.0,679.8428783416748,41000,2.429870864868164,6.100146026611328,-222.72939940421813,-6.0,1.0390484304197374,0.0018848619356210674,0.08968280677963254,0.00112266113050282
336,464.13836703240605,329.0,678.4146196842194,41125,2.443726842880249,5.5840645561218265,-223.1477765280103,-6.0,1.0293057400082786,-0.0009235823490021248,0.08967273611239622,0.0010629627387970686
337,459.48821211172157,330.0,686.7251117229462,41250,2.4383179779052733,5.680619171142578,-223.23603697746032,-6.0,1.0159561114926492,-0.0014671374341442942,0.08971714736547351,0.0010605718903243541
338,461.9660557566893,331.0,687.18123960495,41375,2.4456323337554933,5.851778757095337,-223.60491604275174,-6.0,0.9920630019808573,-0.0069139809975962314,0.08987254473207286,0.0010655519515275955
339,465.88716019471883,332.0,697.2034022808075,41500,2.4523312282562255,5.120304821014404,-224.55285693753152,-6.0,1.0454694580647252,-0.006592031846183443,0.09004120299535853,0.0010002693869173526
340,461.30678814144454,333.0,701.201363325119,41625,2.4498349781036377,5.1946315155029295,-224.78529600113157,-6.0,1.0764821957028101,-0.009787419700019416,0.09034715171922425,0.001019190650433302
341,471.6683128060125,334.0,704.1307289600372,41750,2.452893407821655,5.7829231204986575,-225.4008314071163,-6.0,1.0628045134006008,-0.005374561799990554,0.090510241785074,0.0011683868318796157
342,453.5877456733213,335.0,709.0495929718018,41875,2.461582654953003,5.293056224822998,-226.07881455194382,-6.0,0.9818463117357284,-0.00015407296577616344,0.0906426684300297,0.0009342784527689218
343,467.599374057561,336.0,715.3762328624725,42000,2.4611679515838625,5.28575737953186,-226.37793928577054,-6.0,1.0157323316220315,-0.009537594561885682,0.09073195440447637,0.0010426020976155995
344,454.2385818204856,337.0,713.7221870422363,42125,2.459664798736572,5.397239719390869,-226.66011555989584,-6.0,1.0099521146880255,-0.0023062991510544506,0.09100388409233992,0.0010120649337768556
345,476.6300486954756,338.0,719.090325832367,42250,2.473543685913086,5.030673894882202,-227.71172234319872,-6.0,1.0466110091055594,-0.002231110073250508,0.09099672394123456,0.0010020002219825984
346,472.03330426673,339.0,720.7707369327545,42375,2.477202823638916,5.590979917526245,-227.70038907490078,-6.0,1.0176388895700847,-0.001994295629657923,0.09112835909475342,0.0011534610856324433
347,478.25317923277,340.0,726.3126130104065,42500,2.4667563991546633,5.4710540809631345,-227.43414011309224,-6.0,1.060936963365924,-0.0020900285284545634,0.09110228548927328,0.001113610114902258
348,467.19212021688526,341.0,729.1550984382629,42625,2.4801609954833985,4.993073753356933,-228.51570298936633,-6.0,1.0536197679383414,-0.007349928837299111,0.09130188354236188,0.0010518383737653494
349,471.01675542474334,342.0,731.8628647327423,42750,2.4866709671020506,5.207806816101074,-229.00002141152657,-6.0,1.0253038185258065,-0.0038416409647212394,0.09151133580266058,0.0010739587936550378
350,467.16498682484104,343.0,736.0583646297455,42875,2.4863033142089845,4.914869302749634,-229.46269831581722,-6.0,1.0483155146477714,-0.005191439550207366,0.09164411705025971,0.000996107928454876
351,421.8072418494521,344.0,737.7993488311768,43000,2.499691888809204,4.947020854949951,-230.06747313468688,-6.0,1.00162660883319,-0.0020154741322321278,0.09174770541729513,0.0009578925110399723
352,471.65734908590224,345.0,747.836391210556,43125,2.4938079776763917,5.364060760498047,-230.20101710728235,-6.0,1.0632102196178739,-0.004875427714386393,0.09187854482488607,0.0011078233681619167
353,430.536805716728,346.0,749.2578699588776,43250,2.502790214538574,5.35048175239563,-230.6630157962922,-6.0,1.045760989189148,-0.0020123367843728874,0.09201859304728847,0.0010554419849067927
354,449.6798574853523,347.0,751.8270153999329,43375,2.5062445583343504,5.463223598480225,-231.18550497388082,-6.0,1.0619818823678153,0.0031334346988134915,0.09200989088993575,0.0011407324634492397
355,444.69109496732557,348.0,756.8522624969482,43500,2.494387649536133,7.974672912597656,-231.0342542586788,-6.0,1.2492296743777491,-0.0011143123978869089,0.09191466500774738,0.0014647106025367975
356,453.19697096986096,349.0,757.6592769622803,43625,2.5074158191680906,4.949801677703857,-232.123783656529,-6.0,0.990374211281065,-0.006702433613735059,0.09209083753716833,0.001068447545170784
357,480.3576178282257,350.0,1063.5573098659515,43750,2.515671453475952,4.743578765869141,-232.7449001189201,-6.0,1.0029617490306977,-0.0053390126878155334,0.09223074384965345,0.001024003230035305
358,444.4162653294286,351.0,1490.9877724647522,43875,2.520182216644287,4.819137561798096,-233.14078630719865,-6.0,0.9993797029767718,-0.001056572592388543,0.09239473988359391,0.0009926257412880659
359,489.18280082400315,352.0,1496.021703004837,44000,2.520321720123291,5.055420946121216,-233.3545131068076,-6.0,1.013124834145269,-0.003965238473498293,0.09244875782451853,0.0010326534751802683
360,410.48531104089795,353.0,1521.7198176383972,44125,2.5128515739440918,5.564787158966064,-233.53582255045572,-6.0,1.0894097742580233,-0.004314493480330658,0.0926349532230042,0.0009889831691980361
361,471.4193404118494,354.0,1043.5143933296204,44250,2.514714204788208,6.603756320953369,-233.66721417826992,-6.0,1.0958548313187015,-0.005882408849204019,0.09277415187760601,0.0010915839057415724
362,457.90591894118904,355.0,780.9569880962372,44375,2.5285824069976806,5.769087900161743,-234.82737635052393,-6.0,1.0055459662089272,-0.004692101899150108,0.09288739934969059,0.0010310758464038372
363,471.35178869396873,356.0,785.5951175689697,44500,2.5293991260528563,5.919814533233643,-235.28456017278856,-6.0,1.0597950018221332,-0.004695431318043942,0.09310829238199451,0.0010397327300161123
364,467.90896923479653,357.0,786.1429843902588,44625,2.5286836376190185,5.730164073944092,-235.72237723214286,-6.0,1.0881712342065477,-0.006691049858336411,0.09331914623206071,0.0011137431431561709
365,436.3192414941495,358.0,789.3494775295258,44750,2.5496738929748535,4.971482135772705,-236.54109438004033,-6.0,1.0626282470841562,-0.005807933157249805,0.09347734721076854,0.0009704013559967279
366,491.6917117451468,359.0,793.3383123874664,44875,2.541240114212036,5.782636428833007,-236.06080264136904,-6.0,1.067864952579377,0.0028351055003613943,0.09356596767131993,0.001088957667350769
367,446.8207505848156,360.0,,45000,2.5486883430480956,5.702091625213623,-236.85863691760647,-6.0,0.9968659829708838,0.0011604810847089656,0.09350039299645141,0.00101782894320786
368,,,1203.2263705730438,45000,,,,,,,,
369,442.86924057010805,361.0,1593.1707365512848,45125,2.548708637237549,5.497847415924072,-237.27649821932354,-6.0,1.038902843755389,0.0011926765908442793,0.09352402693711821,0.000990764593705535
370,468.4262471833292,362.0,1585.2213797569275,45250,2.5497435722351076,5.202435894012451,-237.88488621865548,-6.0,1.0440305211851675,-0.003021050657656404,0.09345761745506538,0.0010145766511559487
371,472.05198358421416,363.0,1597.295625448227,45375,2.557235160827637,5.43175386428833,-238.34371899801587,-6.0,1.0796038669253152,-0.005775748814884869,0.09359745398954583,0.0009917181245982646
372,458.51266363114445,364.0,1601.4910745620728,45500,2.5601795444488524,5.12512619972229,-238.74564312350364,-6.0,1.057074212258862,-0.002704915275136309,0.0937846047571647,0.0010222830027341843
373,476.00912682500507,365.0,1036.4253959655762,45625,2.5672171897888183,5.382202186584473,-238.93909175812252,-6.0,1.064737375766512,-0.0013251687429608806,0.0938233099299176,0.0009858323335647584
374,453.61964131315335,366.0,839.2005829811096,45750,2.564940538406372,5.325088533401489,-239.76355989517705,-6.0,1.0813636097215837,-0.004312658659933555,0.09395057170340822,0.0009844976421445608
375,442.7871188139933,367.0,838.3570816516876,45875,2.55544854927063,4.874654356002807,-239.46641952272446,-6.0,1.0808803571595087,-0.004853231183785413,0.0940889720224694,0.0009966638665646315
376,486.1969275543009,368.0,826.6799867153168,46000,2.5625141010284422,5.1314951171875,-240.24829839891004,-6.0,1.0283143654946358,-0.004054370291170574,0.09422779306625918,0.0010280656348913909
377,425.16910349475495,369.0,824.0392847061157,46125,2.5752771549224853,5.351402450561523,-240.92963179330977,-6.0,1.0416222366075667,-0.00509871615629111,0.09444518768560316,0.0010332434065639972
378,451.63635265454224,370.0,824.2289071083069,46250,2.5736535930633546,5.013359836578369,-241.7948950490644,-6.0,1.0676155186468554,-0.005958270961268534,0.0946148348147398,0.001005913507193327
379,477.8857295713221,371.0,829.1472547054291,46375,2.5843810710906983,5.479128786087037,-241.87990194653707,-6.0,1.0242405287803165,0.0019732144779510915,0.09464889112568992,0.0009858774840831757
380,470.00086246821576,372.0,832.4134752750397,46500,2.5835854358673096,5.160004413604736,-241.8279797953944,-6.0,1.0404735188330374,0.003209880038705324,0.09461778111745255,0.0009479512255638838
381,456.42592562337,373.0,836.4926092624664,46625,2.586893527984619,5.56744571685791,-242.63230266268292,-6.0,1.0935948330258567,-0.006272002782983084,0.09467137257604155,0.0010761960111558438
382,382.7578412602509,374.0,841.0145769119263,46750,2.585124206542969,6.067257762908936,-242.75684479744203,-6.0,1.1044269396412758,-0.0027519600135424444,0.09479021204255401,0.0011847564969211816
383,415.3466856417663,375.0,844.8425521850586,46875,2.5972215614318848,5.72674796295166,-243.24209836929563,-6.0,1.030370050952548,-0.0015999067219949904,0.09484582251974387,0.0010082255024462937
384,470.85175131907664,376.0,849.3309321403503,47000,2.589902542114258,5.17412689781189,-243.5878618301884,-6.0,1.067517113301062,-0.001967887474869889,0.09488675343889616,0.0009893859140574933
385,492.1721748423592,377.0,860.0258665084839,47125,2.596875816345215,5.171030019760132,-244.13575623527404,-6.0,0.9823102364464412,-0.0029660098454249756,0.09504267253853857,0.0009709278177469969
386,460.47897996600716,378.0,869.4102230072021,47250,2.594322317123413,5.242282432556152,-244.18898280974358,-6.0,1.0418895675290016,0.0014781717759286685,0.09503187418474864,0.0010084184017032385
387,464.7397488793801,379.0,872.6999044418335,47375,2.607060749053955,5.644314323425293,-244.34194970509364,-6.0,0.9807764253919087,0.0018550562376659068,0.09497991906370153,0.0011726768668740989
388,460.1188792939721,380.0,877.7152922153473,47500,2.5991199989318847,8.111089427947999,-244.95738269436745,-6.0,1.1847037240382163,0.009019708366043145,0.09475302840538022,0.001964298313483596
389,456.58367323029216,381.0,881.8985695838928,47625,2.6063860664367677,5.275141868591309,-245.54502190483942,-6.0,1.0305463236475747,-0.0015173634229641822,0.09460511279033251,0.0009922630693763495
390,486.4509106166136,382.0,884.9229826927185,47750,2.5908320484161376,5.948775177001953,-245.36786036337577,-6.0,1.1158151684268829,0.0020344284487016978,0.09464203087537518,0.0011097866706550122
391,470.4146241329121,383.0,889.871559381485,47875,2.605992561340332,6.227694705963135,-245.86661735413566,-6.0,1.1696106403593034,-0.003907677809899998,0.09469374328775959,0.0016162831131368875
392,470.1576647275512,384.0,894.517838716507,48000,2.6154090728759765,4.944474452972412,-246.79478060814643,-6.0,1.0710071498347866,0.004045779666592998,0.09465711182917544,0.0009294871389865875
393,461.20318830226876,385.0,898.2757568359375,48125,2.6147527923583986,4.794100933074951,-246.98732721237909,-6.0,1.0082323759321183,0.0028400518524918763,0.09454188786056916,0.0009042417798191309
394,457.0497191321557,386.0,906.799334526062,48250,2.6097655410766603,4.7494530029296875,-247.3175568119172,-6.0,1.037806514770754,0.000545614440324566,0.09453941891695349,0.0009445672295987606
395,477.4698839954707,387.0,906.5079610347748,48375,2.612340883255005,4.932829259872436,-247.7014906141493,-6.0,0.9830408834275746,-0.0059124026669278035,0.09465941869374343,0.0008985307272523642
396,432.19265769615043,388.0,910.5419478416443,48500,2.6234422016143797,4.692739807128906,-248.16397168559413,-6.0,0.9080481942622892,-0.010024345048042315,0.09482752820754335,0.0010114417653530835
397,490.47622207585425,389.0,915.2466742992401,48625,2.630866415023804,4.671654188156128,-248.75294591510107,-6.0,1.0271107138149322,-0.0050377940929066094,0.09512215268591083,0.0010014126785099506
398,445.34821637729794,390.0,918.7500703334808,48750,2.6295091037750242,5.002584991455078,-249.05353275422127,-6.0,0.970765910802349,-0.0014150228234939277,0.09526302599489973,0.0009114786107093096
399,500.18927317824125,391.0,925.5987961292267,48875,2.625830265045166,5.4029731292724605,-249.0454796685113,-6.0,1.0180712408489652,-0.0047272434107042734,0.0953250678031456,0.0010919324774295092
400,224.49811091616442,392.0,929.1016614437103,49000,2.633275224685669,5.460146034240723,-249.78365621259135,-6.0,1.00900601379333,-0.004477500566281378,0.09545823726523738,0.0010666960272938013
401,471.4481919449191,393.0,933.3008921146393,49125,2.637263837814331,5.851980182647705,-250.03766159784226,-6.0,1.0228370948443337,0.005725373741283658,0.09547952399253193,0.0011050325930118561
402,491.4199997460393,394.0,944.3333597183228,49250,2.624106077194214,5.8018585968017575,-250.05265931160218,-6.0,0.966664424827022,0.0044599541823469825,0.09528044608079649,0.0011638760790228845
403,482.91459750451355,395.0,943.5600261688232,49375,2.6444975032806397,5.5350022163391115,-250.56493535117497,-6.0,0.9538127713733249,0.001166963364027204,0.09519877967815464,0.0010050900727510451
404,472.4527829836792,396.0,945.0205686092377,49500,2.6281819190979006,5.632096494674682,-250.43130936161165,-6.0,1.0423788687875193,0.004648699151021579,0.09516040018871158,0.001089620228856802
405,396.79728886358055,397.0,949.5738039016724,49625,2.6376653995513917,5.810953296661377,-251.27891056121342,-6.0,0.9633031582075452,-0.005661840613428799,0.09517633620672576,0.0012354431096464396
406,484.49156201915156,398.0,954.4896759986877,49750,2.6458237953186035,6.045101608276367,-251.51053496330016,-6.0,1.024408386599633,0.0017970599977660082,0.09521140126083132,0.001260226098820567
407,470.29959759505266,399.0,958.9892883300781,49875,2.6469458713531493,7.1254334640502925,-251.8485390799386,-6.0,1.088225555798364,0.00010670213184008996,0.09507290821664732,0.002024494953453541
408,472.56492106742127,400.0,,50000,2.648341257095337,5.523108219146729,-252.24391198927356,-6.0,1.0803073769615543,0.0051176005358537354,0.09501172062987814,0.0011339651551097632
409,,,968.573145866394,50000,,,,,,,,
410,494.16605733527535,401.0,964.9042704105377,50125,2.653178689956665,5.357361650466919,-252.60601976182727,-6.0,0.9668357145218622,-0.0011845449575163898,0.09502095367210817,0.001027426615357399
411,474.56914300915884,402.0,973.4543790817261,50250,2.667577949523926,5.943356834411621,-253.28109470490486,-6.0,1.0479294974957742,-0.004284611275990403,0.09509628246964749,0.0011192277129739522
412,467.52223002593126,403.0,975.7306182384491,50375,2.662240894317627,4.825101013183594,-253.32767861986918,-6.0,0.9664592156334529,0.005803261857686771,0.09506118362852889,0.0009003339800983667
413,494.3621368899314,404.0,978.9273819923401,50500,2.6657338123321535,6.590084781646729,-253.35034130465598,-6.0,0.9895812051911508,-0.0017580018517741513,0.09499348101483908,0.0011505479533225299
414,305.10260073773736,405.0,984.2646164894104,50625,2.6717765102386473,5.78169838142395,-254.15410916767422,-6.0,1.0402941202360487,0.0022863364475409664,0.09498727575588622,0.0010560480412095785
415,492.5997667481045,406.0,989.2459604740143,50750,2.6683749294281007,5.595829002380371,-254.26671575730848,-6.0,1.0049161189986813,0.002549228243409626,0.09494081380242973,0.0009875373337417841
416,499.1377278135461,407.0,991.3839428424835,50875,2.678667085647583,5.723248125076294,-254.41006784590465,-6.0,0.9539902645444113,0.0007098389582501517,0.09490256404717778,0.001116651751101017
417,126.69605725526854,408.0,995.9964723587036,51000,2.67745440864563,6.139729141235351,-254.7508293890184,-6.0,0.9476909089472986,-0.0017800034331758657,0.09488073258948158,0.001329221796244383
418,437.17662161655596,409.0,1001.7533900737762,51125,2.66436692237854,6.68426118850708,-254.6019490559896,-6.0,1.043569889333513,0.008150770166327082,0.09475653335139729,0.0012620902806520463
419,459.9511325486318,410.0,1008.4461140632629,51250,2.6713767585754393,5.8120562438964845,-255.27799027965915,-6.0,1.0454042659651848,-0.0015577938099722228,0.0947145988714073,0.0012118501234799624
420,185.28622484227287,411.0,1011.5176749229431,51375,2.680669193267822,5.753119991302491,-255.6004926893446,-6.0,0.9991611440976461,0.002693572453045774,0.09463267861190158,0.00114799022115767
421,258.70328909710685,412.0,1017.1235122680664,51500,2.664060371398926,6.502552410125732,-256.08997886411606,-6.0,0.9695387175006251,-0.0027085627906114585,0.09463734447315122,0.0012336868904531003
422,499.0954218194756,413.0,1020.1989245414734,51625,2.67331010055542,6.340886013031006,-256.1023644341363,-6.0,0.9732143509955633,0.0018944870163169173,0.0946551640707601,0.0011841366533190012
423,497.7892649633015,414.0,1026.1325001716614,51750,2.6714431915283203,6.46620620727539,-256.70412125126006,-6.0,1.0275036952187937,0.00888232919462626,0.09448100056095812,0.0012369340639561415
424,398.3999894735191,415.0,1028.8465790748596,51875,2.675548942565918,7.804438957214355,-256.30449737064424,-6.0,1.0199670734859647,0.0023606540265655707,0.09429078931867815,0.001709936859086156
425,463.57172063720645,416.0,1037.5791625976562,52000,2.6782634162902834,6.756444831848144,-256.90361736666773,-6.0,0.9448963124905864,0.0040571078537933285,0.09414539370255708,0.0011019217371940613
426,484.7006593439665,417.0,1039.1652913093567,52125,2.6807781867980958,6.263412136077881,-257.4453292120071,-6.0,0.9745506265806774,0.0030983019442785355,0.09402201937665891,0.0010776211526244879
427,466.59600770701877,418.0,1046.0417120456696,52250,2.6750679378509523,6.150554214477539,-257.78404211228894,-6.0,1.0014557405825584,0.002654416041613947,0.09396716515300525,0.001004496669396758
428,486.91464454145716,419.0,1046.3305163383484,52375,2.693533243179321,6.604687587738037,-258.6600816514757,-6.0,0.9185393339111692,0.0009021457646869951,0.09390807722890762,0.0012302551474422216
429,483.28018976729,420.0,1054.4971759319305,52500,2.686687448501587,6.4759464454650875,-259.0838952833606,-6.0,0.884369146439337,-0.0005642351461574435,0.0938818280465236,0.001139399079605937
430,500.9300134929921,421.0,1058.034914970398,52625,2.680599317550659,6.237572948455811,-259.1626669263083,-6.0,0.901144476163955,0.005121233366755029,0.09386440445597373,0.0010159196089953185
431,482.44342038945484,422.0,1062.1440699100494,52750,2.7049560070037844,7.104911655426025,-259.86483149374686,-6.0,0.8876153480622077,-0.004168537584313702,0.09379728284670714,0.0011058305632323027
432,313.7639971490354,423.0,1065.6176462173462,52875,2.6864359588623046,7.229096984863281,-260.0667751251705,-6.0,0.9847541413609944,-0.001214072448275392,0.09384052317998709,0.0013301380202174187
433,485.58071402090127,424.0,1070.0663876533508,53000,2.7055428218841553,7.0035951042175295,-260.6571527296497,-6.0,1.013235504588773,-0.004326868990075684,0.09397653687013045,0.001152302136644721
434,265.3834762419056,425.0,1071.6800565719604,53125,2.695142837524414,7.8963239440917965,-260.38352966308594,-6.0,1.005459101427169,0.0018483196082155382,0.09404247016336262,0.0012639205604791641
435,462.2277969016215,426.0,1079.828269958496,53250,2.7002183246612548,8.507126495361328,-260.7878479496125,-6.0,1.010955310636951,-0.00429384876793671,0.09413700628212943,0.0016310552880167961
436,467.94754001044737,427.0,1087.8397662639618,53375,2.703953182220459,7.395392971038818,-261.4417528424944,-6.0,0.9997176584743318,-0.003576669790264633,0.09420676745855926,0.0015098010785877705
437,441.11098321010275,428.0,1087.7221081256866,53500,2.7047203617095947,7.262202087402343,-261.86836538007185,-6.0,1.0049352222873318,-0.00391293419036834,0.09427673942022675,0.0010896712727844716
438,493.6590795306606,429.0,1094.3582661151886,53625,2.7024753913879396,7.236144298553467,-262.0152098640563,-6.0,0.9578108778075566,0.002376534207354462,0.0943946243872974,0.0011180165372788905
439,291.0156344363777,430.0,1096.873075723648,53750,2.710542844772339,7.419777759552002,-262.42088908533896,-6.0,0.9111089379556717,0.004534368181691294,0.0942539426060292,0.0011960470993071794
440,490.3569161626302,431.0,1103.0794672966003,53875,2.698549997329712,6.30177161026001,-262.6095934671069,-6.0,0.9310789950310238,0.0032023468742235785,0.0940735127210223,0.0010493513084948063
441,491.6240257526068,432.0,1109.6091401576996,54000,2.715888065338135,6.6971492576599125,-262.912107406124,-6.0,0.9343151286725075,0.0005807392186515274,0.09403857783076681,0.0010284211114048958
442,451.8494827569576,433.0,1107.7835638523102,54125,2.7075938987731933,7.367687091827393,-262.56009250217016,-6.0,0.9273665500065637,0.006098729473287387,0.09391719939744103,0.0011419546771794557
443,128.81375990469022,434.0,1110.5703611373901,54250,2.718263147354126,7.030921192169189,-263.0633746731666,-6.0,0.8719702286105002,0.006214317210364125,0.09376469033285253,0.0010477584190666676
444,462.2719257994609,435.0,1124.4398102760315,54375,2.705591579437256,8.345731296539306,-263.2171999007937,-6.0,0.8834266066551208,0.002977501353367217,0.09360235423749123,0.001156546587124467
445,453.09352407406396,436.0,1126.1991772651672,54500,2.7046140270233154,8.074401512145997,-263.10731703235257,-6.0,0.8954948571420485,0.0033825289255248444,0.09352956972595057,0.0011150875594466924
446,482.79746226500026,437.0,1131.8852043151855,54625,2.709835870742798,7.8348936843872075,-263.59146457248266,-6.0,0.8801343932984367,-0.0008909109525293822,0.09341138813400578,0.0009716580603271723
447,525.9257274407972,438.0,1139.4517381191254,54750,2.7267599811553955,7.7619613189697265,-264.28125738328504,-6.0,0.8801330760602029,0.004643061202049496,0.09338423903336378,0.001090378200635314
448,474.6874124786807,439.0,1143.3657004833221,54875,2.7256504192352295,6.603399211883545,-264.6032089960007,-6.0,0.8980084704974342,-0.0008462305154858364,0.093316589847982,0.0009885665960609913
449,464.2336247743515,440.0,,55000,2.721058151245117,6.710954860687256,-265.10544906123994,-6.0,0.8394041397879201,5.925017889709242e-06,0.09333913539281806,0.001029702028259635
450,,,1152.8125019073486,55000,,,,,,,,
451,479.67438887244816,441.0,1149.2899022102356,55125,2.724449583053589,6.528774131774902,-265.59357076977926,-6.0,0.9173647865416512,0.0003327941337215995,0.09330074480097898,0.001012234317138791
452,510.6839066638806,442.0,1152.6017298698425,55250,2.7256596145629883,6.853960681915283,-265.82984333653604,-6.0,0.8129731003315218,-0.0007585251042919774,0.09334032154269192,0.0010401401184499265
453,467.4659232146019,443.0,1160.5514645576477,55375,2.721991678237915,7.144529991149902,-265.74133833627855,-6.0,0.8651975960958571,-0.00022111406239370504,0.09335145340924147,0.0009576964769512415
454,472.2254608870606,444.0,1166.6517403125763,55500,2.740943202972412,7.516436645507812,-266.5173093734249,-6.0,0.8311696148687794,-0.004504261949595304,0.09341321195468531,0.001233735056594014
455,494.5526151038276,445.0,1163.7687764167786,55625,2.743807508468628,7.318394790649414,-267.35965208023316,-6.0,0.9001818791268363,-0.005987656151225406,0.09358452935870454,0.0010752098243683576
456,464.3052153180348,446.0,1173.5986320972443,55750,2.734278963088989,6.624051933288574,-267.28892074092744,-6.0,0.813378793577994,-0.002706101333211747,0.09377678034915421,0.0009249448701739311
457,489.13169579306987,447.0,1177.0171058177948,55875,2.7362625370025633,6.237329708099365,-267.6464446537078,-6.0,0.7987506503150577,-0.006625618822576981,0.09398818059454725,0.0009321618527173995
458,471.76579527964316,448.0,1181.7774560451508,56000,2.754289405822754,6.568222770690918,-268.25565165858114,-6.0,0.81956716891258,-0.0008037923797664623,0.09403998740267791,0.000984244579449296
459,485.42184281207335,449.0,1188.4580442905426,56125,2.745649503707886,7.547778350830078,-268.1256728399368,-6.0,0.9016537335183885,-0.0014056403925346713,0.09406398385837132,0.0010051776189357042
460,505.12715345162496,450.0,1193.9255030155182,56250,2.7427017936706544,7.470046482086182,-268.16874153383316,-6.0,0.8929736162385633,-0.004010691517783749,0.09415643960797006,0.001064172962680459
461,464.2375149813333,451.0,1204.7869713306427,56375,2.747411775588989,7.058407878875732,-268.3694583953373,-6.0,0.943006524017879,-0.005694196762753621,0.09432751614241137,0.0009581941012293101
462,460.0438066517361,452.0,1214.9789209365845,56500,2.755278781890869,7.009678165435791,-268.9337620888987,-6.0,0.9064220747640056,-0.0034769895644257624,0.09454670270665605,0.00104252677410841
463,270.44769324027936,453.0,1201.5677871704102,56625,2.7529932498931884,7.177179496765136,-269.01910109747024,-6.0,0.8880572650167677,-0.006893878555043586,0.09474242728528665,0.0010874884910881519
464,470.5799612903398,454.0,1210.5484609603882,56750,2.7450426540374755,6.66053197479248,-269.14046601326237,-6.0,0.9569708618425554,-0.0006358384027055675,0.09480535532196933,0.0009458990152925253
465,475.2960337693646,455.0,1211.7204735279083,56875,2.755864482879639,7.617906826019287,-269.0947096082899,-6.0,0.9332129340323191,-0.0012219635610808692,0.09489609850252262,0.0011183861680328846
466,453.49502633928876,456.0,1221.7796442508698,57000,2.7573134155273435,7.095442127227783,-269.6731306506741,-6.0,0.9656225500568267,-0.0007736498486220596,0.0948923552358678,0.0009954708199948073
467,480.0123540379722,457.0,1230.6083934307098,57125,2.7659122714996336,6.614611000061035,-269.9986383347284,-6.0,0.9176292845181057,-0.0020427186012504594,0.09494228161867173,0.0010279972031712532
468,481.3367880230566,458.0,1230.7698361873627,57250,2.7597097072601318,6.296233768463135,-270.42015912455895,-6.0,0.9460462764386208,0.0010677112741470937,0.09498900358504855,0.0009679578635841608
469,498.0245312406342,459.0,1250.0432963371277,57375,2.757822566986084,6.674235694885254,-270.37789335704986,-6.0,0.907378732212006,-0.00020597205083403323,0.09498247158804345,0.0010432834140956403
470,481.79996918905584,460.0,1255.7297954559326,57500,2.7636061420440674,7.247068389892578,-270.3649695611769,-6.0,0.9185991133413007,-0.00041493625500269477,0.09495589990344809,0.0010315901692956686
471,454.8913292448216,461.0,1261.5924122333527,57625,2.7630231227874757,6.789511417388916,-271.55039275638643,-6.0,0.8830319283500551,-0.006082974640386445,0.09505217857647814,0.0009795247931033372
472,480.66439537572677,462.0,1261.6111471652985,57750,2.768633737564087,7.865774757385254,-271.5317796276462,-6.0,0.9304490079802852,0.0006684199418692339,0.09521355024854501,0.0013720597717911006
473,317.9584100472432,463.0,1273.6202030181885,57875,2.7731226482391356,10.6556388092041,-271.7179933578249,-6.0,1.0090466605292425,-0.0012411352224825393,0.0951364407786675,0.0021280262414366006
474,412.5384759514362,464.0,1271.1214272975922,58000,2.7762594470977784,7.643302993774414,-273.0806284258443,-6.0,0.9766143714227984,-0.0033870010970971517,0.09527049352071774,0.0011039771903306247
475,467.23605333078956,465.0,1268.0192391872406,58125,2.767902910232544,7.552503524780273,-273.2547907753596,-6.0,0.9124739652588254,0.0009233183264436703,0.09528487858979258,0.0010150782875716687
476,466.37079871111075,466.0,1276.1191136837006,58250,2.7782857418060303,7.2994655456542965,-273.56929508332286,-6.0,0.9604419325628588,-0.0019364490421609052,0.09529168191121892,0.0010446064118295908
477,185.3578758889085,467.0,1282.9441678524017,58375,2.7680472679138184,8.016631694793702,-273.1539495558966,-6.0,0.8684679354940142,-0.0008407823726653107,0.09532564255063042,0.0011754888892173767
478,341.11814450332014,468.0,1289.995239496231,58500,2.7721338024139404,7.1697699508667,-273.6678156698904,-6.0,0.9134904415376724,0.006972829946466992,0.0952549095098887,0.0010300921928137541
479,371.4934575546301,469.0,1291.3687303066254,58625,2.7746438560485838,7.861484573364258,-273.85343860444567,-6.0,0.9083149650740245,0.0018537463583347816,0.09510383753219519,0.001005707573145628
480,462.84799045559083,470.0,1293.6979291439056,58750,2.7785379257202147,8.21134990310669,-273.9331325407951,-6.0,0.8610426225969868,-0.0004956825099314653,0.09504907390173077,0.0010673516429960729
481,460.7440285235069,471.0,1299.8284811973572,58875,2.78750625038147,7.789295566558838,-274.2586839463976,-6.0,0.7694694087618873,-0.0028845003791271692,0.09518123214293996,0.000998607875779271
482,490.95947081504266,472.0,1305.5455260276794,59000,2.780471664428711,8.656989879608155,-274.1577729255922,-6.0,0.8146439175451955,0.0009655428528335065,0.09520792556403378,0.001064811296761036
483,419.4515216652867,473.0,1317.0440204143524,59125,2.77991716003418,8.98731226348877,-274.04818677145335,-6.0,0.9110526437797244,0.003472326190343925,0.09513992236254225,0.0011611485406756402
484,476.88091937158055,474.0,1314.4642133712769,59250,2.7898379650115968,7.882676574707031,-275.1100552466608,-6.0,0.8729198228928351,-0.006648031626677801,0.09516040254495885,0.0010123958997428418
485,475.926561865122,475.0,1321.4286370277405,59375,2.780335401535034,7.772498825073242,-274.9481874496218,-6.0,0.8780457964019169,0.0006626214580758223,0.09527874189299174,0.00101221127435565
486,481.7445670833734,476.0,1333.4344806671143,59500,2.7968666610717774,8.50195696258545,-275.3398683609501,-6.0,0.8298164269616527,-0.0049529827346334295,0.09531689529496958,0.0012296220436692237
487,481.79064220899187,477.0,1338.4844691753387,59625,2.7834237632751466,7.766708190917969,-275.2514188251798,-6.0,0.9256884048855494,-0.004253944064239188,0.09553034052604854,0.001001190610229969
488,455.58346134510765,478.0,1332.185378074646,59750,2.791154535293579,7.26485718536377,-275.78994849420366,-6.0,0.8614436657198014,-0.0013749161434750403,0.09555750565120474,0.001083296338096261
489,447.67558293995427,479.0,1336.3413350582123,59875,2.8017012691497802,7.488983913421631,-276.1412532745846,-6.0,0.8706900581480965,-0.00342036928198049,0.0956000736061541,0.0009412995781749487
490,484.61975737058003,480.0,,60000,2.795806203842163,6.831815284729004,-276.2801282328944,-6.0,0.8696549284842706,-0.005462207884017018,0.0958654087339705,0.0009359110891819
491,,,1349.4326627254486,60000,,,,,,,,
492,462.2951711822088,481.0,1353.0603001117706,60125,2.8024944896697996,6.683905193328857,-276.4749237544953,-6.0,0.8805617311644176,-0.0020353750913359578,0.0959202288296766,0.0009130960311740637
493,489.76404752867774,482.0,1354.2871143817902,60250,2.807381416320801,7.527602542877197,-276.92625230358493,-6.0,0.8568363689607189,-0.00015334545018812342,0.09598726966852923,0.0009837458860129118
494,386.67942828520114,483.0,1361.938761472702,60375,2.7965684566497804,6.870019771575928,-276.640379890563,-6.0,0.9336609897159395,0.001270255617176493,0.09597470183327922,0.001026223236694932
495,508.912012977591,484.0,1366.1269681453705,60500,2.807835994720459,7.146326633453369,-277.4598610170426,-6.0,0.8611408087515062,-0.008753872981610438,0.09608092231344406,0.0010432684030383826
496,469.8348909212692,485.0,1365.8402700424194,60625,2.8031514263153077,7.490793350219726,-277.50403558640255,-6.0,0.8437358576153952,-0.0023907308451949602,0.09633269294880345,0.001019522638991475
497,479.7136436040614,486.0,1371.9734485149384,60750,2.805939359664917,7.113818714141845,-277.7687220419607,-6.0,0.8458074148624174,0.0010261901564175082,0.09626249893171748,0.0009524507131427526
498,504.2689581339756,487.0,1376.6368222236633,60875,2.810876123428345,7.020669162750244,-277.76406036861357,-6.0,0.7941176938632178,-0.0032236119381166876,0.0964139292882767,0.0009883794840425252
499,498.2513596128543,488.0,1385.106211900711,61000,2.8181160411834716,8.059168434143066,-278.6704849735383,-6.0,0.8567461861718085,-0.010208975536853916,0.09660426552143045,0.001039644682779908
500,490.97709390404754,489.0,1394.786063194275,61125,2.8157968692779543,6.832690338134766,-279.0300530327691,-6.0,0.8573332977673364,-0.00226078487356149,0.0968488935528478,0.0010533955041319132
501,292.95649567730607,490.0,1396.9934318065643,61250,2.817304079055786,7.656817905426025,-278.83714885096396,-6.0,0.8108251248636553,0.0023903209648485626,0.09682181105213303,0.0012116488348692656
502,439.7652266358419,491.0,1399.5696737766266,61375,2.8270893173217773,7.719475639343262,-279.15332467215404,-6.0,0.805580180788797,-0.003578861321633061,0.09685417419994251,0.0011419703252613545
503,498.230326304498,492.0,1410.0213367938995,61500,2.8178669910430907,7.448252021789551,-278.8377473892704,-6.0,0.9746465106164256,0.010229085358009943,0.09671238898885061,0.0011608897596597672
504,484.42097636870875,493.0,1414.0992345809937,61625,2.826604381561279,6.901997337341308,-279.1792743016803,-6.0,0.9063907417040022,0.004326447826026688,0.096418550727888,0.0010042342767119408
505,476.8504016348073,494.0,1409.1970927715302,61750,2.8315642166137693,7.115891242980957,-279.72130264774444,-6.0,0.8571484064863574,-0.008596189631780068,0.09646924060374978,0.000999479878693819
506,474.96884544519537,495.0,1423.1440799236298,61875,2.821116422653198,7.952363166809082,-279.25525435190355,-6.0,0.8718253345716567,-0.005148835384124328,0.09675698084809248,0.0010891063418239355
507,476.8799280589062,496.0,1418.9581117630005,62000,2.823797882080078,7.399863945007324,-279.92044854933215,-6.0,0.8765078677285102,0.0015334538935172942,0.09681469754820202,0.0009493810813874006
508,488.624205263219,497.0,1423.616777420044,62125,2.8326291904449463,7.2081696243286135,-280.3739260718936,-6.0,0.8688212387145512,-0.007793836096035582,0.09689884557652981,0.0009512439388781786
509,490.0852171069004,498.0,1431.6906418800354,62250,2.8324504642486574,6.89614147567749,-280.4381841844128,-6.0,0.8048247368104996,-0.0037824820967451217,0.097181211294825,0.0009241125080734491
510,494.5581616401459,499.0,1438.6029613018036,62375,2.82516135597229,6.871917980194092,-280.6013580806672,-6.0,0.8327676161887154,-0.0015565436998648302,0.09719202709389539,0.0009858071934431792
511,455.7683179040954,500.0,1452.7191178798676,62500,2.8353691844940188,6.870281047821045,-280.89934269074473,-6.0,0.8405367193683502,0.0018253688542773166,0.09728176887625252,0.0010499676298350096
512,484.87880881957597,501.0,1452.1511476039886,62625,2.842787851333618,6.756929878234863,-281.48827156187997,-6.0,0.8232994476954142,-0.0027245838261608568,0.09725728189551076,0.000934613224118948
513,501.66084181825033,502.0,1452.9691052436829,62750,2.835301868438721,7.816065773010254,-281.4122806672127,-6.0,0.8914043326531688,0.001655715765551694,0.09723753830964689,0.0010382718034088613
514,377.9203821456498,503.0,1460.3155119419098,62875,2.8392421913146975,6.5607251434326175,-281.33321998232884,-6.0,0.8386072951649862,0.003648192459155643,0.09718635603620236,0.0009560211449861527
515,492.86258663102694,504.0,1449.7745401859283,63000,2.847604984283447,6.583440456390381,-282.0846700360698,-6.0,0.8337687676952731,0.00043164706608701136,0.09711453184426701,0.0009825775921344757
516,490.78452448132487,505.0,1442.4212181568146,63125,2.841652763366699,7.751013195037841,-282.17931160094247,-6.0,0.8144552031206707,-0.0034272774189178434,0.09710160500175934,0.0010920822452753782
517,487.49732431046226,506.0,1454.332864522934,63250,2.8217804222106935,8.1101349067688,-281.7067226286857,-6.0,0.8501040272174343,-0.004916956779667207,0.09731302466950574,0.0010303087029606105
518,506.0331797586983,507.0,1456.6221084594727,63375,2.858292449951172,9.971515796661377,-282.5447092207651,-6.0,0.9084951943821378,0.010996074412047627,0.09714561382036165,0.0012860638722777366
519,468.1667260613226,508.0,1473.945660352707,63500,2.853419105529785,7.196385528564453,-282.62654901319934,-6.0,0.9183811401167223,0.0011026264682802702,0.09695889985755932,0.0009295211937278509
520,502.0479970758282,509.0,1475.6455323696136,63625,2.836795196533203,7.1698522415161134,-282.9951389857701,-6.0,0.8479983806610107,-0.0014397729971697406,0.09696738676711253,0.000962629534304142
521,486.629980179753,510.0,1482.7289142608643,63750,2.8529505786895752,7.424841102600098,-283.0599837764617,-6.0,0.8271420011597295,0.002378870988444936,0.09701015092462045,0.0010426210798323155
522,491.1108716593887,511.0,1492.500833272934,63875,2.8607763900756837,7.439118644714355,-283.5574699280754,-6.0,0.8788918275681753,-0.00398125738969871,0.09699954671023107,0.0009905875083059072
523,471.09206227683256,512.0,1487.0165951251984,64000,2.8557734298706055,8.420166645050049,-282.91656100365424,-6.0,0.9476580581357402,0.0038325189192208553,0.09698382227370521,0.0011877196617424489
524,485.94829021490875,513.0,1492.979640007019,64125,2.8546503772735594,6.837194847106933,-283.46287027994794,-6.0,0.8494781019195677,-0.0009176152765691753,0.09693372997429672,0.000937799347564578
525,503.4711985047863,514.0,1500.0415189266205,64250,2.8600705528259276,6.591381099700928,-284.2703114171182,-6.0,0.7896423695548889,-0.003492971957330742,0.097000375959982,0.0009999121632426977
