,episode_reward,episode,duration,step,batch_reward,critic_loss,actor_loss,actor_target_entropy,actor_entropy,alpha_loss,alpha_value,curl_loss
0,0.0,1.0,12.623721599578857,125,,,,,,,,
1,23.579030900784034,2.0,0.4694373607635498,250,,,,,,,,
2,20.747401348917606,3.0,0.46927642822265625,375,,,,,,,,
3,15.208494239734875,4.0,0.4743499755859375,500,,,,,,,,
4,22.388913929606666,5.0,0.4710886478424072,625,,,,,,,,
5,16.786626931975075,6.0,0.4700913429260254,750,,,,,,,,
6,21.279484872018013,7.0,0.4700946807861328,875,,,,,,,,
7,26.341675891684616,8.0,0.4708597660064697,1000,,,,,,,,
8,32.46511410728092,9.0,102.74115443229675,1125,0.17833984959125518,0.45049250370264055,-1.1024278518226411,-6.0,7.267567358319721,0.9271584271438538,0.09971537703678322,4.595120489120483
9,23.025559480713813,10.0,102.7559232711792,1250,0.17811478090286254,0.13340661811828614,-1.5264914881798528,-6.0,7.732929606591502,0.9671002664873677,0.0990847824590627,1.713712526321411
10,22.36561956698964,11.0,102.7600564956665,1375,0.1743401139974594,0.13365336269140243,-2.0122020036455184,-6.0,7.750680976443821,0.9615687008888002,0.0984683788293499,1.336875457763672
11,9.284135523393607,12.0,102.93782758712769,1500,0.16752607500553132,0.14287922936677933,-2.499508500099182,-6.0,7.745618527935397,0.9469222051482047,0.09786243626266684,1.0011882281303406
12,16.919953566048193,13.0,103.08741068840027,1625,0.17353643524646759,0.157529949426651,-2.763456522472321,-6.0,7.704554633488731,0.9303599454107738,0.09726449318153495,0.8832502865791321
13,34.24120055721183,14.0,103.10939335823059,1750,0.1817701698541641,0.16779205656051635,-3.0655574798583984,-6.0,7.793498800646875,0.9154407555057157,0.096678290327926,0.8224471411705017
14,50.84793149557326,15.0,103.34633708000183,1875,0.20253046989440918,0.1283353282213211,-3.4194621169377886,-6.0,7.585089025043306,0.8714766057710799,0.09610797582836128,0.7474065084457397
15,62.870884550249876,16.0,103.47549676895142,2000,0.22543891334533692,0.1346143838763237,-3.856039793260636,-6.0,7.375667487421343,0.814316967802663,0.09556446040763637,0.7225580501556397
16,78.38503169066563,17.0,103.53936719894409,2125,0.2494611085653305,0.3524055671095848,-4.275143979087709,-6.0,7.300514584495907,0.78042623542604,0.09504921650931951,0.7582975449562073
17,48.012930772357336,18.0,103.673837184906,2250,0.2541871299743652,0.28002996301651,-4.355492376512097,-6.0,7.6103011254341375,0.7907964096915338,0.09452886446214555,0.7695642204284668
18,60.14302005331292,19.0,103.89981269836426,2375,0.273693098783493,0.17688060975074768,-4.801042473505413,-6.0,7.10665101853628,0.7371420604842049,0.09401942373333687,0.7112188119888305
19,100.1825703449826,20.0,104.068279504776,2500,0.30674761176109316,0.18085543882846833,-5.294290934839556,-6.0,6.735968628237324,0.6717037462419079,0.09354569462526686,0.6924625887870789
20,110.2536248591879,21.0,107.39275813102722,2625,0.32072425389289855,0.19190246510505676,-5.714625805143326,-6.0,6.4173590796334405,0.6291544030583094,0.09310069692344249,0.7012566614151001
21,39.83731904421341,22.0,107.78592419624329,2750,0.3303959217071533,0.22025226020812988,-6.186592601960705,-6.0,6.218636051301034,0.6145032461612455,0.09266403655830732,0.6897168898582459
22,122.82086688090642,23.0,108.45070171356201,2875,0.35770794153213503,0.28369605457782743,-6.729543542105054,-6.0,5.974879136161198,0.5423916942543454,0.09224649583601949,0.6915212497711182
23,69.51317867527392,24.0,108.56361818313599,3000,0.3565324773788452,0.26249564719200136,-7.1495892386282645,-6.0,5.85279227841285,0.554475853520055,0.09185123170291992,0.683236303806305
24,40.89816266045089,25.0,109.36574292182922,3125,0.3739811365604401,0.31187155151367185,-7.654289086659749,-6.0,5.896526011209639,0.5405200256241692,0.09143868141476365,0.6777747130393982
25,145.76908084790315,26.0,109.9594464302063,3250,0.40410433554649355,0.30282202517986295,-8.257285948722593,-6.0,5.570888957669658,0.5273492336273193,0.09103078795623251,0.6637260298728943
26,103.69454779224216,27.0,110.57210326194763,3375,0.42054763627052305,0.7822928218841553,-8.670152308448912,-6.0,5.866427656203982,0.5056472832248324,0.09062587695845084,0.7071588001251221
27,157.3728588217272,28.0,111.05578756332397,3500,0.4434700348377228,0.34791426110267637,-9.365902746877362,-6.0,5.384756488184775,0.4849441580234035,0.0902385852849789,0.6631718120574951
28,61.84149978387312,29.0,111.72353386878967,3625,0.4489978666305542,0.33490497851371764,-10.037159329368954,-6.0,5.411328527662489,0.5040938532541669,0.0898395752781417,0.6601298260688782
29,126.28361491234514,30.0,112.16818499565125,3750,0.46394395327568055,0.36385702443122864,-10.757618873350081,-6.0,5.426389471177132,0.5171045877279774,0.08942201912148065,0.6572331771850586
30,109.8126825852983,31.0,113.2156445980072,3875,0.4784847185611725,0.9950950429439545,-11.083441249907963,-6.0,5.927969266497899,0.5303100697577946,0.08898756676091378,0.6952416367530823
31,78.41657942623223,32.0,113.73797798156738,4000,0.48102396821975707,0.44998797798156737,-11.469765001727689,-6.0,5.890826225280762,0.5291886435401055,0.08854522467248913,0.6682271819114685
32,56.08181149487192,33.0,114.6392080783844,4125,0.4864358906745911,0.3409889509677887,-11.90288946363661,-6.0,5.6655019956921775,0.5339334957183354,0.08809494104428062,0.6610381264686584
33,129.27300758171754,34.0,118.03484201431274,4250,0.5107005949020386,0.35046448969841004,-12.417932125829882,-6.0,5.460655696930424,0.5359128987596881,0.08763818249167682,0.6617353520393372
34,170.1693929469134,35.0,119.48941731452942,4375,0.5207636291980744,0.388610151052475,-12.9111329336015,-6.0,5.401479963272337,0.5383805310915387,0.08717721488021375,0.6599647598266601
35,70.23667953231289,36.0,124.69227480888367,4500,0.5316756637096405,0.3778712425231934,-13.402807804845995,-6.0,5.243540625418386,0.5265748000914051,0.08671639757647655,0.6649484887123108
36,161.0182887091253,37.0,118.08252835273743,4625,0.5509863188266754,0.4077382996082306,-13.904726997254388,-6.0,5.170885880788167,0.5148242409267123,0.08626513166725559,0.6647460584640503
37,170.51325281727395,38.0,118.8161895275116,4750,0.5722559571266175,0.41796269464492797,-14.453809938123149,-6.0,5.0517581278277985,0.49617807182573503,0.08582196572494132,0.6601007146835327
38,138.50316631552985,39.0,119.28545022010803,4875,0.583805567741394,0.4766869957447052,-15.007330046759712,-6.0,5.089379545242068,0.48330478630368673,0.0853919279139784,0.6611738843917847
39,135.83683788417534,40.0,,5000,0.5919532766342163,3.578249808311462,-14.149333030946794,-6.0,6.821730782908778,0.49486387208584814,0.08496950610544206,0.8386738080978393
40,,,132.4577374458313,5000,,,,,,,,
41,65.04761121556562,41.0,121.50774955749512,5125,0.5938494205474854,0.6524995300769806,-14.117451652647956,-6.0,6.828142468891446,0.5908786484173366,0.08448082513260269,0.6836937403678894
42,82.47178723788885,42.0,122.44739484786987,5250,0.597604709148407,0.5388201072216033,-14.475803513680734,-6.0,6.297074410223192,0.5966534989495431,0.08394968489314686,0.6644887309074402
43,132.65371127649254,43.0,123.3554859161377,5375,0.599403878211975,0.49451319479942324,-14.90438814011831,-6.0,5.928551197052002,0.5850025282965766,0.08343032390841111,0.6544087142944336
44,42.03736328393439,44.0,124.4640109539032,5500,0.5987214040756226,0.47738248491287233,-15.2664732779226,-6.0,5.811697260026009,0.5739255759023851,0.08292125574257234,0.6499832768440247
45,89.10424633405205,45.0,125.18766117095947,5625,0.6101584105491639,0.4789694156646728,-15.677519586351183,-6.0,5.615866123683869,0.5585787703120519,0.08242725520264117,0.6495615825653076
46,166.7182123414226,46.0,126.37736535072327,5750,0.6193019981384278,0.4837031123638153,-16.1796465996773,-6.0,5.383030368435767,0.5354332193251579,0.08194975080549614,0.6508428344726562
47,150.7232193689903,47.0,127.3035454750061,5875,0.6378097314834594,0.49269503355026245,-16.701886252751425,-6.0,5.208492188226609,0.5111599413175432,0.0814931218308426,0.6374514284133911
48,157.17930865458467,48.0,128.34406423568726,6000,0.647308343887329,0.5076366791725159,-17.276835687698856,-6.0,5.091044587473715,0.4870365709066391,0.08105744986861084,0.6409016237258911
49,122.39247170992978,49.0,129.35844326019287,6125,0.6518372769355774,0.5185694742202759,-17.737218493507022,-6.0,4.992102131010994,0.47659555692521355,0.080634894280929,0.6424927678108215
50,121.42077880483838,50.0,130.9676263332367,6250,0.6604274415969849,0.5324833431243896,-18.213288122607814,-6.0,4.900310647103094,0.4608763427503647,0.080221137094635,0.6398520965576172
51,150.64026710148872,51.0,131.2618420124054,6375,0.6664082756042481,0.5812419323921204,-18.649893503340465,-6.0,4.878408212510366,0.4574422561933124,0.07981370684200838,0.6394778056144714
52,48.253840552311644,52.0,132.90312266349792,6500,0.6703971590995789,1.8521374378204345,-18.764876181079494,-6.0,5.735097046821348,0.4496296889358951,0.0794077438747703,0.832225848197937
53,158.33582392671244,53.0,133.93897008895874,6625,0.6767967643737793,0.7334834403991699,-19.330766435653445,-6.0,5.3871695427667525,0.46192274964044966,0.07899848967103196,0.6613285598754883
54,174.45079275050668,54.0,135.0032398700714,6750,0.6933266029357911,0.6327081899642945,-20.06169685240715,-6.0,4.963462421970982,0.4604319516689547,0.07858325463691553,0.6386908345222473
55,174.26771086831224,55.0,136.51523303985596,6875,0.7083061046600342,0.5853504462242126,-20.638743052406916,-6.0,4.73502322605678,0.45416484702201115,0.07816915006778247,0.6319006791114807
56,179.2182155353714,56.0,137.2448332309723,7000,0.713326696395874,0.5582616608142853,-21.179676055908203,-6.0,4.679366204046434,0.4486368481189974,0.07775702399963556,0.6370457921028138
57,176.07999186256887,57.0,138.74230694770813,7125,0.7266591053009033,0.5509788539409638,-21.734173547653924,-6.0,4.614857431442019,0.43721829993384226,0.07735225164002152,0.6305418057441712
58,182.11305851220195,58.0,140.48747897148132,7250,0.7412528963088989,0.5760352344512939,-22.333390820410944,-6.0,4.52739163367979,0.42491418315518287,0.07695638301388412,0.6242173500061036
59,163.38479420640937,59.0,141.49067783355713,7375,0.7530468626022339,0.5787800040245056,-22.90258280436198,-6.0,4.513695134056939,0.41750042022220674,0.07656710826958849,0.6280762085914612
60,198.09316711006122,60.0,142.68323802947998,7500,0.7678489966392517,0.5750259697437287,-23.529958478866085,-6.0,4.496160291856335,0.4096175855205905,0.0761817648967834,0.6243459014892578
61,172.56106619257548,61.0,144.0586643218994,7625,0.7697793035507202,0.5924227933883667,-23.989469770401243,-6.0,4.482094053238157,0.39668090523235383,0.07580513735097333,0.6256149916648864
62,39.11811935670514,62.0,145.1659219264984,7750,0.7746603503227234,0.5886890921592712,-24.370984323563114,-6.0,4.476374441577542,0.3939918933376189,0.0754330540960443,0.6212178149223327
63,216.060453001405,63.0,146.77223014831543,7875,0.7871243357658386,0.6092357964515686,-24.951138117956738,-6.0,4.442195816645547,0.3886190988714733,0.07506064252094276,0.6202190971374512
64,123.08892815783427,64.0,148.3308207988739,8000,0.7895585255622863,0.6278655061721802,-25.453905720864572,-6.0,4.469215619948603,0.38688728790129384,0.07468913962461682,0.622941963672638
65,244.11917814804943,65.0,149.71954727172852,8125,0.8089853954315186,0.6518665952682495,-26.009263265700568,-6.0,4.393590594094897,0.37492277366774424,0.07432178202239685,0.6208404412269592
66,183.73221789628514,66.0,151.72526383399963,8250,0.8188763556480407,0.6272338514328003,-26.530313584112353,-6.0,4.368173160860615,0.36921591191522535,0.07396030077268592,0.6170120477676392
67,198.83868797610248,67.0,152.42639827728271,8375,0.8265411243438721,0.6448172883987426,-27.081474395025346,-6.0,4.260855322792416,0.35961075056166875,0.07360392396232773,0.6193103342056274
68,215.32312910170313,68.0,154.3694612979889,8500,0.8350803442001343,11.429474431991578,-26.538309774091168,-6.0,6.144311158887802,0.2780671486811292,0.07327310522903761,0.9786398591995239
69,123.09001578108764,69.0,155.69755458831787,8625,0.8462041797637939,1.582218713760376,-26.06555950830853,-6.0,7.449579329717727,0.3112982837926774,0.07299909048325535,0.6757803454399108
70,173.1626112836858,70.0,157.6072850227356,8750,0.8428083515167236,1.2693516697883607,-26.29451031838694,-6.0,6.73901415640308,0.3636576403533259,0.07265783502519996,0.6498262157440186
71,57.308534237420986,71.0,158.89542412757874,8875,0.8423461151123047,1.138802288532257,-26.73913680182563,-6.0,6.167348816281273,0.3887085900420234,0.07227126616656382,0.6379254903793335
72,169.99478713713103,72.0,160.51778888702393,9000,0.854720329284668,1.0469066429138183,-27.398845887953236,-6.0,5.651667425709386,0.38937688258386427,0.07187342551141783,0.6303196320533753
73,228.02473721213056,73.0,162.2341341972351,9125,0.8726253809928894,0.980812575340271,-28.032145878625293,-6.0,5.3126032920110795,0.37981721853453015,0.07147984999248488,0.627906533241272
74,223.04054403820382,74.0,164.43329858779907,9250,0.8805961499214172,0.9316774854660034,-28.636009985400783,-6.0,5.026042053776402,0.3698264038370502,0.07109501036637887,0.6235067720413208
75,224.19552586065316,75.0,165.63352417945862,9375,0.8886061358451843,0.8968846940994263,-29.249139694940474,-6.0,4.8548716893271795,0.36363301059556385,0.07071693807734825,0.6205504550933838
76,198.05222587968822,76.0,167.17615365982056,9500,0.9019182190895081,0.9319345889091492,-29.83970752839119,-6.0,4.643289604494648,0.3550091544466634,0.07034630399670956,0.6198963980674743
77,199.90553045663532,77.0,168.93570828437805,9625,0.9128971385955811,0.9108636436462403,-30.31558503044976,-6.0,4.611295586540585,0.3434161950671484,0.06998498692793734,0.6242518196105957
78,169.00691852277453,78.0,170.4946267604828,9750,0.9213187842369079,0.9547524509429932,-31.01346698884041,-6.0,4.530753358717887,0.3289857300058488,0.06963340711822953,0.6237944440841675
79,157.2361300761544,79.0,172.30908250808716,9875,0.9236227731704711,0.9630344715118409,-31.489947303893075,-6.0,4.416400466646467,0.31368550327089095,0.06929581181755848,0.6175127768516541
80,218.32649280611525,80.0,,10000,0.9264517941474915,0.9488861169815064,-32.09768449106524,-6.0,4.34781386006263,0.3108525867423704,0.0689652698390151,0.620468358039856
81,,,186.13441395759583,10000,,,,,,,,
82,174.11730556710359,81.0,176.14692401885986,10125,0.9321931586265564,0.9817921714782715,-32.53057195269872,-6.0,4.348176785877773,0.29884814222653705,0.0686398970509386,0.6198854475021363
83,74.10351973464995,82.0,178.37281250953674,10250,0.9267492804527283,0.9904961595535279,-33.07230690986879,-6.0,4.277970129443753,0.30281199034183254,0.06831503653269648,0.613832859992981
84,88.55027550837767,83.0,179.97549676895142,10375,0.931576738357544,1.0358420262336732,-33.68245642525809,-6.0,4.332458087376186,0.2957742852824075,0.06799088203817996,0.6198038945198059
85,217.30551310147396,84.0,181.86029481887817,10500,0.9436979484558106,1.0228610000610352,-34.37492979726484,-6.0,4.176522877908522,0.2910493376754945,0.06767009583738369,0.6146227226257325
86,240.73041098884264,85.0,183.74232411384583,10625,0.9522545709609985,1.0927425737380982,-35.069138723706445,-6.0,4.139763385530502,0.28551363732133594,0.06735045374358277,0.6160675282478333
87,229.61038366815265,86.0,185.30065035820007,10750,0.966365686416626,1.435963313102722,-35.55065431902486,-6.0,4.316539887459047,0.27792913899306326,0.06703668235820977,0.6177773299217224
88,212.8042576759484,87.0,187.76957058906555,10875,0.9745477900505066,1.1171096692085265,-36.35870760963077,-6.0,4.128953634746491,0.2777964136903248,0.06672336122359848,0.6172281308174133
89,217.48501618032046,88.0,189.36065340042114,11000,0.9750972213745117,1.12178040599823,-36.8439033877465,-6.0,4.105541579184994,0.2663372952130533,0.06641402457323688,0.6145225577354431
90,191.5414585377079,89.0,191.953941822052,11125,0.9838398880958558,1.1892071805000306,-37.7423351227291,-6.0,3.9544285289824956,0.26158864323108916,0.06611094644564758,0.6155861601829529
91,246.12334425594764,90.0,193.27583408355713,11250,0.9979836568832398,1.1996941084861756,-38.23367678734564,-6.0,3.9991610857748214,0.2570631830923019,0.06581071846736647,0.6134676060676575
92,187.13948583739392,91.0,196.31523418426514,11375,1.0013294639587402,1.1641196889877319,-38.77772667294457,-6.0,3.8836085644979326,0.24939999764873869,0.0655144369912805,0.61618679189682
93,246.84883238273588,92.0,197.2041790485382,11500,1.012180341720581,1.177363923549652,-39.46645558264948,-6.0,3.8576182973000313,0.24727298199169098,0.06522022566895032,0.6130835146903991
94,219.91395607819715,93.0,199.62796878814697,11625,1.0303720245361327,1.1476620779037476,-40.13240935310485,-6.0,3.7750814377315463,0.24315506574653445,0.06492580236627722,0.6124139714241028
95,245.83332775341395,94.0,201.43569660186768,11750,1.0324277744293213,1.2336726131439208,-40.65645697809035,-6.0,3.7417282404438144,0.2353230472053251,0.06464018201013474,0.6129181370735168
96,245.9962191940769,95.0,203.74424505233765,11875,1.038127769470215,1.1880133066177367,-41.28520626491971,-6.0,3.748940948456053,0.23352185624932487,0.0643534142951409,0.6144168853759766
97,182.7943737268271,96.0,205.75816869735718,12000,1.044872061252594,1.2156271018981935,-41.94577407836914,-6.0,3.6932834886735484,0.22694725086612086,0.06406810816488835,0.6107469153404236
98,244.75161177192672,97.0,208.05210852622986,12125,1.055265495300293,1.1756732244491577,-42.654652368454705,-6.0,3.687547520985679,0.23268226640565054,0.06378210131432639,0.6119257411956787
99,247.54944086702395,98.0,209.55735182762146,12250,1.0658560991287231,1.2932679529190063,-43.25747594525737,-6.0,3.6675690220248316,0.22366690635681152,0.06349379550739184,0.6102106561660766
100,249.50916735567426,99.0,213.7295150756836,12375,1.0788439569473267,1.2219965481758117,-43.96484835185702,-6.0,3.733383265752641,0.22600311206446755,0.06320467030066042,0.6093367323875427
101,235.16540051897337,100.0,214.4765703678131,12500,1.088263563156128,1.2670306940078735,-44.57368856860745,-6.0,3.6635093804328673,0.2125285339932288,0.06292360301241282,0.6143582720756531
102,233.53078916381904,101.0,217.23161482810974,12625,1.087375777721405,1.2458258395195008,-45.202689276801216,-6.0,3.612094428804186,0.21510250842760478,0.06264420742590242,0.6104079217910766
103,257.01417567883334,102.0,219.71951484680176,12750,1.1016420574188233,1.2455460824966431,-45.879528230236424,-6.0,3.5246854482158536,0.20586777382319973,0.06236717029459287,0.6132854280471802
104,253.63772383347217,103.0,222.09730982780457,12875,1.1113012437820435,1.3431401538848877,-46.561186109270366,-6.0,3.5333918541196794,0.2048015036280193,0.06209355173118082,0.6061072835922241
105,259.39303512499936,104.0,224.23477506637573,13000,1.1141057262420655,1.2947501921653748,-46.988285495388894,-6.0,3.4358661674684092,0.20194881769918627,0.061818449170595854,0.6112758159637451
106,285.77500822522245,105.0,226.36362862586975,13125,1.1310949544906617,1.2816293449401857,-47.63039501129635,-6.0,3.4723298398275224,0.19998360957418168,0.0615459267600234,0.6055567502975464
107,259.60437412319044,106.0,228.35609006881714,13250,1.1415608024597168,1.3476723880767822,-48.36678849497149,-6.0,3.375737282537645,0.19735335534618748,0.06127294640914798,0.6084669532775879
108,254.40574402254163,107.0,232.41633343696594,13375,1.1530562400817872,1.2654796485900879,-48.92626838078574,-6.0,3.4438660977378723,0.18815957672066158,0.061003953116116345,0.603888635635376
109,247.27638769160023,108.0,233.08842825889587,13500,1.1566426343917846,1.3091385192871094,-49.61132486404911,-6.0,3.4014842433314167,0.1909882231585441,0.060737362404593764,0.6081399092674256
110,264.4017295095594,109.0,236.09856271743774,13625,1.165370364189148,1.2213936858177186,-50.41962360200428,-6.0,3.3520284077477833,0.18110244307253096,0.06047242365626875,0.6044264869689941
111,288.8179775051198,110.0,238.40073561668396,13750,1.1692241582870484,1.3645653257369994,-50.907462950675715,-6.0,3.2533607675183203,0.17823655086178933,0.06021345951573827,0.6043336915969849
112,100.79833219042223,111.0,241.14370322227478,13875,1.1737519083023071,9.841503246307372,-51.64620886908637,-6.0,4.465107017093235,0.12694197944882843,0.059978025791017964,0.6238161110877991
113,157.07724976231705,112.0,243.36808705329895,14000,1.1731492595672608,2.1548281316757203,-52.329671305994836,-6.0,4.241514313605524,0.1772614179118987,0.05976887174775471,0.611327844619751
114,152.33610625281676,113.0,245.56135773658752,14125,1.1784584703445435,1.816957757949829,-52.88557101052905,-6.0,3.549266943855891,0.1869578075314325,0.05948946372377986,0.6114590005874634
115,288.56942718202276,114.0,248.48146224021912,14250,1.1817000465393066,1.735162446975708,-53.291165013467115,-6.0,3.3583711308817707,0.1834484367601333,0.059210794565312516,0.6063230695724487
116,252.03858268038147,115.0,252.18427991867065,14375,1.191892713546753,1.6532323217391969,-53.887540363130114,-6.0,3.2463525174156067,0.1733844687068273,0.05893814781881517,0.6080735187530517
117,211.46332164174572,116.0,252.91379261016846,14500,1.188171160697937,1.73992582988739,-54.317421144054784,-6.0,3.1899560113107004,0.16666314582670888,0.05867399900741551,0.609943826675415
118,178.0438114655965,117.0,255.34647870063782,14625,1.191467670440674,1.9014816312789917,-54.6960814339774,-6.0,3.165052743185134,0.15977567055868724,0.05842234851957353,0.6103323097229004
119,287.6403886274334,118.0,258.04872035980225,14750,1.207754602432251,2.0468640089035035,-55.4382876119306,-6.0,3.228611103950008,0.15202781618122133,0.05817447104907289,0.6065610466003418
120,257.01428028916143,119.0,261.00315141677856,14875,1.2208393316268922,1.9462599477767943,-56.273819696335565,-6.0,3.206733098105779,0.15186028383553973,0.05793061946477017,0.6052163124084473
121,274.54829430411314,120.0,,15000,1.215281949043274,1.9435056982040406,-56.60678500513877,-6.0,3.144131545097597,0.15055328463354417,0.057686481672148134,0.6060046606063842
122,,,275.8454918861389,15000,,,,,,,,
123,270.1482712729594,121.0,266.641077041626,15125,1.22909850025177,1.8412605390548706,-57.33797388228159,-6.0,3.069511099467202,0.14118086440222605,0.05744562907359834,0.6064109263420105
124,297.8390415405076,122.0,268.4817523956299,15250,1.2435271530151366,2.0328384914398194,-57.92125585002284,-6.0,3.124213595544138,0.14214174485495013,0.05721169469081365,0.6041565222740173
125,107.59340603294277,123.0,272.44981718063354,15375,1.2394594526290894,2.698947561264038,-58.206978025890535,-6.0,3.183631832637484,0.14102829354149954,0.056971929094804925,0.6050365424156189
126,298.59879079467856,124.0,273.92051672935486,15500,1.2464257869720459,27.11112114524841,-58.74726726162818,-6.0,4.264008249005964,0.05630586445594447,0.056753161611131114,0.6290663137435913
127,114.61252727581403,125.0,276.736465215683,15625,1.2364536237716675,4.894617338180542,-58.97556656125992,-6.0,5.944788077520946,0.03565891880896829,0.05672650603439579,0.6165485091209412
128,61.13016531857739,126.0,279.5919363498688,15750,1.2353002271652223,3.576113513946533,-59.55574989318848,-6.0,5.337554939331547,0.10527317556402375,0.056603265029068754,0.6071247415542602
129,76.02695245914073,127.0,282.2629771232605,15875,1.2341811456680298,3.110904249191284,-59.82725131322467,-6.0,4.681717509315128,0.13024356476371252,0.05638482973119795,0.6066928329467773
130,223.08137302121656,128.0,285.26023864746094,16000,1.2353966093063355,2.855891340255737,-60.24323334232454,-6.0,4.223442589083025,0.13560875949840392,0.05614170461311328,0.6093118748664856
131,285.9622847370034,129.0,288.6071264743805,16125,1.244662410736084,2.7040856533050537,-60.71015681917705,-6.0,4.007039138248989,0.15037504027760218,0.055873253183291526,0.6043809967041016
132,276.5480394255854,130.0,291.47599697113037,16250,1.2550171995162964,2.4636229944229124,-61.38142487310594,-6.0,3.732451085121401,0.14897541233128117,0.055595142951911314,0.6033008913993836
133,285.02352645853085,131.0,293.87959027290344,16375,1.2560847520828247,2.626963662147522,-61.58934959532723,-6.0,3.675953077891516,0.146064735002934,0.055316230901639014,0.6100048236846923
134,256.2967852638696,132.0,299.62873554229736,16500,1.2625087966918946,2.4177017822265623,-62.09804842548986,-6.0,3.5943454234830794,0.1465398650015554,0.0550381838660468,0.6098348073959351
135,260.27052577287975,133.0,301.04676628112793,16625,1.2756041021347047,2.4563689670562745,-62.88945267692445,-6.0,3.4349270813048833,0.14449700937857704,0.05475853726587773,0.6041434350013732
136,264.35115733352796,134.0,303.2792868614197,16750,1.276054669380188,45.90958034420014,-62.89879952707598,-6.0,3.8503181319082938,0.1397182124276315,0.05448400947134604,0.6508277912139893
137,308.8020762660803,135.0,305.40286350250244,16875,1.2816909236907958,12.11937591934204,-63.07463600521996,-6.0,7.608575260828411,-0.16049699500084869,0.05455232777661655,0.6450591807365418
138,79.58320325165079,136.0,309.0576317310333,17000,1.2780054969787598,4.9967698593139644,-64.88320024551884,-6.0,6.746868941091722,-0.029688452261560146,0.054676591873344595,0.6167326903343201
139,86.64431614139168,137.0,311.6439530849457,17125,1.2739259853363036,4.443866632461548,-66.1731709071568,-6.0,6.139405507890005,0.007454236269011975,0.05470506509669628,0.6106314396858216
140,30.166688491659237,138.0,314.76991605758667,17250,1.258980489730835,4.3007509212493895,-66.37706953479397,-6.0,5.633711161152009,0.04467825810875623,0.054650229010762,0.6079767293930054
141,63.98107796666686,139.0,317.9619925022125,17375,1.2646170530319214,4.064772123336792,-66.50724913581969,-6.0,5.064221601637583,0.06434540551096674,0.054539823006198695,0.6095574498176575
142,327.80706659522264,140.0,322.9119906425476,17500,1.2767785158157348,3.9172619380950926,-66.98524069016979,-6.0,4.6352072531177155,0.0817455709461243,0.054387078889507605,0.6031615228652955
143,209.50027843537282,141.0,323.8722267150879,17625,1.2779777517318727,3.8233387756347654,-67.9027831062438,-6.0,4.355414053750416,0.09687291807125485,0.054196005129225996,0.6038014688491822
144,269.07995169194095,142.0,327.27249789237976,17750,1.288781029701233,3.696799701690674,-68.27653331141317,-6.0,4.18035166494308,0.10358233533559306,0.05397551306464862,0.6022895259857177
145,276.79722519738556,143.0,330.313170671463,17875,1.2897760171890258,3.5334900360107424,-68.98025391593812,-6.0,4.124821117946079,0.1051453116630751,0.05374910479343296,0.6066936678886413
146,297.0300107760307,144.0,333.711683511734,18000,1.2943606185913086,3.3503165836334228,-69.49484437511813,-6.0,3.965320133393811,0.10146392220931669,0.05351416583396755,0.6051682915687561
147,275.0776071838178,145.0,335.7083246707916,18125,1.3032753601074218,3.3301839447021484,-70.27427721780444,-6.0,3.882974348370991,0.10506163561154926,0.05328289259098386,0.6068529877662658
148,88.69134530543246,146.0,340.1587247848511,18250,1.3028645601272584,3.2811081047058104,-70.63304076656219,-6.0,3.9175561589579426,0.1055591385210714,0.053045556759139516,0.6014129037857056
149,268.22745643284287,147.0,342.5821077823639,18375,1.3044114303588867,3.2585226821899416,-71.05140734475756,-6.0,3.7183779345618353,0.10958207043863478,0.052796959078881905,0.6061079483032227
150,317.3748619945036,148.0,348.93478989601135,18500,1.3131194791793823,3.2751942024230956,-71.86551395539314,-6.0,3.734563123795294,0.10866365533682608,0.052541727564985895,0.6042495522499084
151,287.81925791425914,149.0,349.71069169044495,18625,1.3155722284317017,3.370858856201172,-72.45704214913505,-6.0,3.6290979158310663,0.10810947784828762,0.05228977636038565,0.5998106274604798
152,180.7841452221211,150.0,352.93907022476196,18750,1.3184185791015626,3.9209566345214846,-73.56381434779013,-6.0,3.674100225971591,0.10111220745790389,0.052046203237716464,0.6053242778778076
153,256.0302939435933,151.0,356.5671956539154,18875,1.3304958114624024,24.396512351989745,-73.27273886544364,-6.0,3.655588396011837,0.10091278678368008,0.05180429857535146,0.6266375865936279
154,241.91114908089662,152.0,359.60207629203796,19000,1.323087965965271,18.767660236358644,-72.5504130701865,-6.0,5.594484086959593,0.023542668433829902,0.05167221096250224,0.6542312293052673
155,58.69954166985633,153.0,362.43350434303284,19125,1.325392053604126,6.316967712402343,-74.48030586848184,-6.0,4.966610764700269,0.06026237868955211,0.05155206501861579,0.6406229124069214
156,89.76271942922743,154.0,365.5769987106323,19250,1.3173944702148437,6.024469860076905,-74.98130084622291,-6.0,4.530063713750532,0.08383389658504917,0.05137606135561879,0.619121515750885
157,276.68721394032355,155.0,369.34268951416016,19375,1.3249826221466063,5.6165965442657475,-75.3934082757859,-6.0,4.208249455406552,0.09598976894030495,0.051147799101309885,0.6181179218292236
158,179.63646955033084,156.0,375.6155033111572,19500,1.325539638519287,5.786324657440185,-75.43779151670394,-6.0,3.897544695485023,0.1059537276385292,0.05089090004509482,0.6139627890586853
159,267.4120714671878,157.0,376.1685447692871,19625,1.3298586826324463,5.681462963104248,-75.81156848725819,-6.0,3.7074647025456504,0.11072424562677505,0.05061766105860372,0.6137150883674621
160,271.7302150578251,158.0,380.2141845226288,19750,1.3368771829605102,5.384477521896362,-76.08435070899225,-6.0,3.630655042586788,0.11202359620121217,0.05033085276242849,0.6105612568855285
161,260.1214740147403,159.0,382.8956882953644,19875,1.3407341947555542,5.261696672439575,-76.79228961278521,-6.0,3.539850499894884,0.1035170228708358,0.05005503726271696,0.6120631442070007
162,275.06135972787814,160.0,,20000,1.347702833175659,5.205845087051392,-77.31800719230405,-6.0,3.450316490665559,0.09858026703999888,0.049797546687128186,0.6021425099372864
163,,,400.26270389556885,20000,,,,,,,,
164,184.04093702521047,161.0,390.0393018722534,20125,1.3447500133514405,4.991041431427002,-77.55384717668805,-6.0,3.3766464089590404,0.0961559886733691,0.0495461139722239,0.6044149389266967
165,264.5591298014367,162.0,394.1081602573395,20250,1.3535333681106567,4.971209142684937,-77.98823682723507,-6.0,3.3177644975723757,0.09116055233584296,0.049299198527086946,0.6059366765022278
166,256.3716511020746,163.0,397.1416907310486,20375,1.3553582801818849,4.689273756027221,-78.47002810523624,-6.0,3.283695285282438,0.08967185138709961,0.049067003483568565,0.6031033344268799
167,280.4405634848548,164.0,403.3790922164917,20500,1.363884861946106,4.721364690780639,-78.9786506160613,-6.0,3.1883602296152422,0.0942578641998191,0.04882862428816447,0.6033170537948609
168,259.40648998016883,165.0,405.13027596473694,20625,1.3727069416046143,4.454621902465821,-79.97075604635572,-6.0,3.2213507455492776,0.08483859719265074,0.0485914033861992,0.6047453017234802
169,281.65945730540085,166.0,408.67460680007935,20750,1.3716312179565429,4.339778871536255,-80.23698093045142,-6.0,3.1032199052072342,0.07648840438454382,0.048374410398377206,0.6049328413009644
170,305.9366435882471,167.0,412.587961435318,20875,1.3845974912643433,4.494780712127685,-80.29981146918402,-6.0,3.2742761846572632,0.07371248009185942,0.04817134628122898,0.6057194647789002
171,304.17029894807865,168.0,416.9501676559448,21000,1.389156608581543,4.496518255233765,-81.30249835598853,-6.0,3.151964283758594,0.06719936917145405,0.04798276109144935,0.600587878704071
172,337.85077383974425,169.0,420.09428215026855,21125,1.3914618406295776,4.355787582397461,-81.52237531873915,-6.0,3.0880815225934226,0.06935135612175578,0.04779378306879624,0.6022795095443726
173,277.60902747141847,170.0,423.77255392074585,21250,1.4017669467926026,4.303394437789917,-82.06066980669576,-6.0,3.0293467775467904,0.0733496482454,0.0475887815201507,0.6087829837799072
174,298.09404543040415,171.0,428.1123237609863,21375,1.4034062404632568,4.24725178527832,-82.79092261904762,-6.0,3.016666030126905,0.06271185637229965,0.047399381158803176,0.6032767128944397
175,288.2485700211753,172.0,430.8234589099884,21500,1.4097384519577025,4.056238882064819,-83.32430021224484,-6.0,2.9766113411995674,0.06248139013205805,0.04721485934552575,0.6020087223052979
176,316.55054814189975,173.0,437.9580891132355,21625,1.4211685209274292,4.15380711555481,-84.09603227887835,-6.0,2.9923504988352456,0.059169587457463854,0.04703820001950537,0.6034924855232239
177,316.3128676421488,174.0,438.5187118053436,21750,1.4304363584518434,3.9252310523986815,-84.64844426801127,-6.0,2.9743415155718402,0.053755313879059206,0.04687047111066718,0.6026321840286255
178,309.8610178467565,175.0,443.40653920173645,21875,1.4303472499847412,3.868397891998291,-84.94119722881014,-6.0,3.0073693782564193,0.0562122795908224,0.04669818528705826,0.6008436350822449
179,333.6828185110939,176.0,446.42901134490967,22000,1.4309031362533569,4.031540897369385,-86.14043512651998,-6.0,2.978237521263861,0.05037673785080833,0.0465409217390808,0.6048994898796082
180,343.6368585567825,177.0,451.07061648368835,22125,1.4371119413375855,3.992182098388672,-86.48847186376177,-6.0,3.0298796948932467,0.04951051182098805,0.046381450604857245,0.6041796479225159
181,300.89409229683565,178.0,454.73131942749023,22250,1.455068591117859,4.00424296951294,-87.34159887990644,-6.0,2.9108295748310704,0.054219423582957636,0.046211947737934446,0.6042779021263123
182,300.9587829656502,179.0,458.1357274055481,22375,1.45383669090271,3.8418397464752196,-87.99528672960069,-6.0,3.1038646016802107,0.044326997642952295,0.04605314557521245,0.6019815649986268
183,316.748955818563,180.0,461.3331527709961,22500,1.4587742834091186,4.0975887489318845,-88.51705034317509,-6.0,3.048443486613612,0.0354719053683502,0.04592208888308394,0.6016430220603943
184,320.69687863652746,181.0,469.05111503601074,22625,1.4645418891906739,14.646136901855469,-89.23388587103949,-6.0,3.349336578732445,0.010336271635005398,0.04578982416812541,0.6652413954734803
185,320.7505259911615,182.0,469.59824323654175,22750,1.4668107290267944,6.145066669464112,-89.34493821667087,-6.0,4.040176595410993,0.02843674312105342,0.04577722987771279,0.612261992931366
186,46.95705296964356,183.0,473.69469952583313,22875,1.4598322792053222,4.465436218261718,-90.37779320610895,-6.0,3.593957757192945,0.028693256014588452,0.04568132189837089,0.6036188068389893
187,318.52256468967124,184.0,477.8663263320923,23000,1.473515543937683,4.097713766098022,-90.91715695781093,-6.0,3.1766406451502154,0.03739972172244903,0.04556229337683559,0.6054643139839172
188,223.10921801135774,185.0,482.55336904525757,23125,1.4654904823303223,3.9540103397369384,-91.33297463068887,-6.0,3.0446248660011896,0.0361535031614559,0.04542818447564724,0.5973571043014526
189,312.09546692488794,186.0,486.3938817977905,23250,1.4736726026535034,3.7659920063018797,-92.07078109248992,-6.0,2.9687579254950247,0.03711813450941155,0.04529930471352765,0.6039529757499695
190,201.18544276659406,187.0,490.11142206192017,23375,1.477380295753479,3.901461950302124,-92.55335441468254,-6.0,2.955663870251368,0.03909708116765297,0.045160688878208594,0.6051432032585145
191,224.25176450261864,188.0,493.92771792411804,23500,1.4803454427719116,3.9798955364227293,-93.07207968927199,-6.0,2.941485120404151,0.039630292148719874,0.04500082709326475,0.6003619656562805
192,316.23989563562117,189.0,501.22333693504333,23625,1.4823446817398072,4.113767698287964,-93.71149529351129,-6.0,2.8778633049556186,0.03893150508935962,0.04484795807149868,0.6010791120529175
193,226.42182396732645,190.0,500.8918607234955,23750,1.49309317111969,3.9766868743896486,-94.27224620696038,-6.0,2.8905820500466133,0.038391996805946675,0.04469769346666592,0.6017762784957885
194,344.22941096353065,191.0,506.1781897544861,23875,1.4988995151519775,4.167640693664551,-94.97737351674883,-6.0,2.7865202237689304,0.03847497618860669,0.04454824680025905,0.6009531764984131
195,223.26432630177356,192.0,510.612163066864,24000,1.495354444503784,4.116216987609863,-95.35643066898469,-6.0,2.710044437839139,0.04184572943936913,0.044376013246487635,0.597898281097412
196,295.7267824575137,193.0,515.6517055034637,24125,1.5049663648605347,4.128223487854004,-96.375975109282,-6.0,2.6659296088748508,0.03684783096440018,0.04421483732228202,0.6007713027000428
197,173.81237670861455,194.0,518.7755169868469,24250,1.5004103841781615,4.7671164150238035,-96.59550143826392,-6.0,2.6918310619169667,0.04084587547807924,0.044055070988893184,0.6029238243103028
198,278.3937540964674,195.0,524.4113614559174,24375,1.5089749336242675,4.841465963363648,-97.39691973489428,-6.0,2.6371972750103665,0.03644514530305824,0.043882869830311845,0.6026045231819153
199,386.01606474754544,196.0,527.6266014575958,24500,1.5145395259857177,4.755238582611084,-97.68401238226122,-6.0,2.6416809866505284,0.03322477500525213,0.04373418078907989,0.5999999804496765
200,102.9910526695265,197.0,536.0534508228302,24625,1.5069002923965453,5.174621158599853,-98.22542329818484,-6.0,2.683471509388515,0.031600446122447175,0.043583603461760934,0.596481412410736
201,293.9090321634318,198.0,536.2037165164948,24750,1.508255802154541,5.012827781677246,-98.79481900122857,-6.0,2.7530547803448093,0.02847961219958961,0.04344870895872409,0.6014119963645935
202,346.7153975538377,199.0,541.3089218139648,24875,1.5150427179336547,4.843557390213013,-99.2757823883541,-6.0,2.6595283954862565,0.03008404880067304,0.04331041174016125,0.6006726908683777
203,198.59853569227525,200.0,,25000,1.5193135852813722,5.291001527786255,-99.8933351578251,-6.0,2.660872544011762,0.024544749731918978,0.04318584513531283,0.5980014634132386
204,,,558.1562581062317,25000,,,,,,,,
205,242.17856326785997,201.0,550.0447206497192,25125,1.5172648849487305,5.306187618255615,-100.87683904738654,-6.0,2.7085745750911654,0.020572708394851476,0.043082792856162726,0.6009233441352845
206,210.50794524549713,202.0,553.8881623744965,25250,1.5174308853149414,5.608617794036865,-101.08813070481823,-6.0,2.6316448949998423,0.02194103537007205,0.042977031123365914,0.5948773546218872
207,351.24337380357184,203.0,559.5435447692871,25375,1.5295461072921752,5.090945301055908,-102.03881472632999,-6.0,2.6397141464172846,0.019201849485629252,0.04288284334987883,0.5990203042030334
208,324.66447581969214,204.0,563.8299262523651,25500,1.533150980949402,5.059621412277222,-102.46826934814453,-6.0,2.5358062598013107,0.021252747910517837,0.042765404009742776,0.5964841866493225
209,340.9962839799054,205.0,572.1800844669342,25625,1.5345119638442992,5.028372636795044,-102.97228168305897,-6.0,2.5139084657033286,0.022051820071369764,0.04266284373949753,0.5970090851783753
210,135.9033221938191,206.0,573.0039932727814,25750,1.547976372718811,5.441210439682007,-103.82684203117124,-6.0,2.556510394619357,0.014026515302248299,0.04255178785341361,0.6000086598396301
211,353.0026350413287,207.0,578.2246570587158,25875,1.5435167751312255,5.46352525138855,-104.01797000945561,-6.0,2.6195201835935076,0.017527887409198143,0.04247421077285167,0.5977534718513489
212,173.13282665719956,208.0,580.9029974937439,26000,1.5489356451034546,5.981614364624024,-104.27096779115739,-6.0,2.6136465457177933,0.01267403628556959,0.04239004539183653,0.600339943408966
213,244.586458452071,209.0,586.9208590984344,26125,1.5465950317382813,5.781053632736206,-104.34755391923208,-6.0,2.577273898654514,0.02036751747234828,0.04229230848612427,0.595524851322174
214,318.7268731053487,210.0,589.9543077945709,26250,1.55571746635437,5.000181089401245,-105.5468481740644,-6.0,2.663603163534595,0.011146684734886813,0.04219834367541914,0.5956976690292358
215,241.35532383003073,211.0,594.4728105068207,26375,1.5519166221618652,5.633696823120117,-105.62193831186445,-6.0,2.579248757589431,0.014445724860129376,0.04212115930366581,0.5987761774063111
216,312.1975625544589,212.0,505.78315711021423,26500,1.558247772216797,5.352899042129517,-106.12966771279612,-6.0,2.58613020758475,0.011646346996478256,0.04204219411019653,0.598663158416748
217,148.52989350535103,213.0,324.1375150680542,26625,1.5602324352264405,5.402673862457275,-106.69842904711527,-6.0,2.5065084601205494,0.013383511592456628,0.04195864508085317,0.5969722809791564
218,321.22978442887376,214.0,323.99683451652527,26750,1.5563924837112426,5.339855150222778,-106.90691806424049,-6.0,2.6215338783879436,0.01564775912782117,0.04186542770979972,0.5997493834495544
219,337.42630887626353,215.0,324.7570343017578,26875,1.5638117761611938,5.737136198043824,-107.51153709774925,-6.0,2.5658467951275052,0.01950029848468682,0.04174983802671562,0.5952777132987976
220,228.33301642308618,216.0,327.35084342956543,27000,1.563667251586914,5.705958864212036,-107.59623336791992,-6.0,2.461205743974255,0.01214857847474876,0.041643619409604586,0.596075140953064
221,218.77716452496958,217.0,329.9666476249695,27125,1.5728714685440064,6.142189029693603,-107.94030725388299,-6.0,2.6044445037841797,0.009131593472649536,0.04157352987247588,0.598325484752655
222,138.32691112567798,218.0,333.1051535606384,27250,1.56321719455719,6.039425931930542,-108.50024709393901,-6.0,2.639755860451729,0.013679412385118344,0.04148222171744226,0.5983252601623535
223,348.6960846720479,219.0,335.60925221443176,27375,1.5675024728775024,6.01177774810791,-108.80254763648624,-6.0,2.5631363581097317,0.005744749587768364,0.04141391404491652,0.6001147871017456
224,215.92773571355104,220.0,337.42694783210754,27500,1.571048357963562,6.207526756286621,-109.48142377791866,-6.0,2.6498975176965036,0.005956968470972272,0.04136745772044342,0.5951380214691162
225,171.98039460937167,221.0,339.9228284358978,27625,1.5673561210632325,6.243751773834228,-109.76971871512276,-6.0,2.672278472355434,0.005133474796330409,0.041335741937627506,0.6025729699134826
226,342.9247099804522,222.0,345.83687114715576,27750,1.5727512464523314,6.179787887573243,-110.29053608063728,-6.0,2.699841856956482,0.010481531489565368,0.04127584780014818,0.5959242358207703
227,323.47403796018716,223.0,345.049134016037,27875,1.5857573165893555,6.307857978820801,-111.0807360694522,-6.0,2.5352633756304543,0.003770333003356225,0.04121279729076483,0.5951177082061767
228,343.6483853796852,224.0,347.78632402420044,28000,1.5819687242507934,6.646106842041015,-111.55995682747134,-6.0,2.487325762548754,0.007077763181915807,0.04117449121303079,0.5930702109336853
229,242.5983083918619,225.0,355.61084365844727,28125,1.5911600770950318,6.504269203186035,-112.11932276165675,-6.0,2.6274021655794173,0.002130019674373288,0.0411099720584321,0.5909127168655396
230,318.7199461476893,226.0,356.7669241428375,28250,1.5906495294570924,6.060588466644287,-112.48343055478988,-6.0,2.5298006919122513,0.004444056094789337,0.04110067183274577,0.5956324801445008
231,358.4175522189565,227.0,363.05473732948303,28375,1.5950392065048218,6.448648838043213,-112.81382896786644,-6.0,2.5086724379706005,0.004606622633420759,0.041066004011907964,0.598054404258728
232,362.64609115903954,228.0,359.4524607658386,28500,1.5959419193267823,6.561704635620117,-113.0381719527706,-6.0,2.6229672162763533,-0.0014327489808502218,0.041046129243265235,0.6008070297241211
233,354.2635718806325,229.0,360.87097692489624,28625,1.6040612964630128,6.247029861450195,-113.71436382475353,-6.0,2.5499970458802723,-0.0027304014231684425,0.04105664952127215,0.5977211503982544
234,314.9265671914547,230.0,364.65017461776733,28750,1.6151876277923585,6.140069114685058,-114.09908036262759,-6.0,2.4574737779555784,0.001768700335355055,0.04107521719145108,0.5996465744972229
235,349.3738980336591,231.0,365.80582451820374,28875,1.6204862785339356,6.408088050842285,-114.51636432466053,-6.0,2.4944443399944003,6.086591516606628e-05,0.04105875000231182,0.5964208889007568
236,332.17419742789264,232.0,370.26211071014404,29000,1.6241883277893066,6.361403549194336,-115.6151361773091,-6.0,2.5140658636246958,-0.007588362796307211,0.04110545071538381,0.5982450609207153
237,221.11991144969997,233.0,371.88163137435913,29125,1.6262512941360474,6.6468211402893065,-114.87208278595455,-6.0,2.5234318441814847,-0.001656526209978712,0.0411400823740778,0.5955305967330933
238,307.81101075798284,234.0,374.765545129776,29250,1.6208886499404906,6.607083309173584,-116.48120904737904,-6.0,2.576208387651751,0.0027439320861782517,0.04113128764642738,0.6014080986976623
239,333.0351725636756,235.0,377.03052258491516,29375,1.6339910182952881,6.541036827087402,-117.15933530292814,-6.0,2.5317639963967458,-0.006603847355729649,0.04115944367474617,0.59703932762146
240,257.81482436694097,236.0,379.33859300613403,29500,1.630790496826172,6.942349395751953,-117.46024654757592,-6.0,2.559521040608806,-0.004337852030256463,0.04121270669054914,0.5947130722999573
241,93.30742580987868,237.0,381.571683883667,29625,1.626053014755249,6.429618087768555,-117.71163044278583,-6.0,2.5560753572554815,0.0007725114960016476,0.04125721309061971,0.5942704863548279
242,335.5391066661323,238.0,386.3270514011383,29750,1.6364067773818969,6.7744756660461425,-118.05692832700667,-6.0,2.651567232224249,-0.004757177659250315,0.041268548400057815,0.5980751881599427
243,127.90950592795176,239.0,390.62919664382935,29875,1.6348767137527467,6.627312629699707,-118.48912992931548,-6.0,2.649790434610276,-0.006187868589121435,0.04133300735345186,0.5988932318687439
244,372.84392930861014,240.0,,30000,1.640050883293152,7.0366351013183595,-118.95607486847908,-6.0,2.5916169458819973,-0.01027650300661222,0.041442208315611476,0.5936708374023437
245,,,752.2356069087982,30000,,,,,,,,
246,303.47769746835127,241.0,745.1392333507538,30125,1.6335622625350952,6.60398963546753,-118.86537085639105,-6.0,2.4651328722635903,-0.004068193824163505,0.04150091683940401,0.5920118942260743
247,339.2538119159831,242.0,752.4450464248657,30250,1.643289656639099,6.811482330322265,-119.69743064142042,-6.0,2.4517579924675728,-0.003079259565340415,0.04157530863467959,0.5924073781967163
248,328.96861999187547,243.0,759.1073923110962,30375,1.640336916923523,6.679776153564453,-120.32253132169208,-6.0,2.5099266597202847,-0.006456433085813409,0.04163785654299522,0.5942874984741211
249,321.4831416381205,244.0,765.6661167144775,30500,1.6503777971267701,6.678267105102539,-121.0491592653336,-6.0,2.463096449452062,-0.003279550434766157,0.04169884491411626,0.5934915919303894
250,367.24524605165897,245.0,769.3607189655304,30625,1.6524915237426758,6.9869006118774415,-121.62781778971355,-6.0,2.4735470839909146,-0.010494907126052394,0.0417929649345291,0.5975740399360657
251,385.4236915849337,246.0,780.0572605133057,30750,1.6638240776062012,7.0728950004577635,-122.52160435338175,-6.0,2.5223609632061375,-0.012759575126467334,0.04192777044172411,0.5959529585838318
252,251.46703921457174,247.0,779.6742780208588,30875,1.6667411241531371,7.785848190307617,-122.55071633959574,-6.0,2.5256318440513006,-0.010362151821720459,0.04210359562209733,0.5955986213684082
253,272.08267272677455,248.0,784.3618376255035,31000,1.667418776512146,7.7290612297058106,-123.16384358559885,-6.0,2.4551030589688208,-0.010572423229009033,0.042262303548843,0.5905199937820435
254,284.03896133538126,249.0,790.9596974849701,31125,1.6591276111602784,8.134077457427978,-123.30315290178571,-6.0,2.4507226016786365,-0.002616134126641093,0.04234474655891795,0.5917218990325928
255,257.95792427659666,250.0,583.1076774597168,31250,1.673238088607788,7.598656421661377,-124.3374998031124,-6.0,2.437383201814467,-0.0052566553988013295,0.042403803520860435,0.5962155709266662
256,338.451111128922,251.0,427.71952867507935,31375,1.6752398738861083,8.258731887817383,-124.60767243400453,-6.0,2.576234817504883,-0.0014870911245308226,0.04245273514263519,0.5960455141067504
257,364.64132652060346,252.0,428.19754433631897,31500,1.6792636699676513,445.46656520462034,-124.57344818115234,-6.0,4.287323917112043,-0.19404764518502257,0.042586340842272315,0.6385664381980896
258,272.260396526773,253.0,423.46817278862,31625,1.6805281610488891,31.815642456054686,-124.01048436240545,-6.0,6.1383331692408,-0.3159289274896894,0.04377687048210028,0.6113988647460937
259,7.559182754041032,254.0,426.9947407245636,31750,1.672049005508423,20.59580844116211,-124.35951429797757,-6.0,6.201580070680188,-0.1946813742960653,0.044189179785630195,0.6027454257011413
260,89.76664296103074,255.0,429.1640193462372,31875,1.6679310283660889,17.408229789733888,-125.27354661245195,-6.0,5.367399049183679,-0.21199218928813934,0.04458548417411154,0.6008395752906799
261,46.89921185280207,256.0,431.8714666366577,32000,1.6600562419891358,15.594148971557617,-125.37655959590789,-6.0,5.083898913475775,-0.1855271492273577,0.044963728355291624,0.5951961874961853
262,81.57714741275441,257.0,435.2974169254303,32125,1.6638179683685304,13.842635063171386,-125.78777276901971,-6.0,4.986983299255371,-0.16041227583847348,0.04527796768350189,0.5951332683563233
263,252.66647356517817,258.0,436.87038707733154,32250,1.659228844642639,12.879338394165039,-126.71791212020382,-6.0,4.874780201142834,-0.13729205655474816,0.04555772526664361,0.5988978600502014
264,279.8923656823576,259.0,440.27912759780884,32375,1.6617867288589478,12.317211143493653,-127.12193661644345,-6.0,4.715741013723706,-0.1114917541780169,0.04579094256591966,0.5979281039237976
265,238.9920746888449,260.0,442.2578830718994,32500,1.67030286693573,11.241932464599609,-127.82732674383348,-6.0,4.5359552521859445,-0.08499153967826598,0.04598068308192713,0.5978761043548584
266,335.7981090022339,261.0,447.3060007095337,32625,1.6749122552871705,11.093299964904785,-127.91389586433532,-6.0,4.235136554354713,-0.05999008826320133,0.04612193947023498,0.5998166761398316
267,278.42748806166514,262.0,448.5958762168884,32750,1.6767736139297484,10.894500930786133,-128.55269745857484,-6.0,4.1383780856286325,-0.043860006266303604,0.046224537572266154,0.595454933643341
268,219.78212830805532,263.0,455.81590032577515,32875,1.6667734432220458,11.231824562072754,-129.06864190480067,-6.0,4.003139246077764,-0.02516989887411159,0.046297411256629284,0.5968591012954712
269,292.30961895265267,264.0,455.17174243927,33000,1.676422905921936,10.082149726867677,-129.07377550678868,-6.0,3.629053792645854,-0.01377108050585394,0.046336140152469694,0.5970652718544006
270,323.53487484543047,265.0,456.1749737262726,33125,1.6778111553192139,10.280026721954346,-129.25916411384705,-6.0,3.5155001178620355,-0.003183920956438496,0.046358144499762784,0.5927354445457459
271,326.49921720103765,266.0,459.3619227409363,33250,1.679238395690918,10.23799394607544,-129.7149175828503,-6.0,3.4341131679473387,0.00025718459378807777,0.04635467929407663,0.5936231417655945
272,223.0302429722771,267.0,462.003395318985,33375,1.6740774326324463,9.87174808883667,-129.77673921130952,-6.0,3.2392905212583996,0.006889821299987417,0.046352444754887236,0.5985836458206176
273,272.5140653157259,268.0,465.2125597000122,33500,1.6891317090988158,9.401274990081786,-130.26376244329637,-6.0,3.179928352755885,0.013373612782978002,0.0463238633545062,0.5935864658355713
274,180.0087709233562,269.0,468.88896131515503,33625,1.678051794052124,9.82318533706665,-130.21946922181144,-6.0,3.166094999464731,0.007285372396591046,0.04629904812144719,0.5955808401107788
275,338.7415543495915,270.0,470.48781085014343,33750,1.683215196609497,8.9107290725708,-130.44449861588018,-6.0,3.137776270989449,0.004070923492808135,0.046284411483384094,0.5900345253944397
276,403.04755207534487,271.0,477.272091627121,33875,1.6865437126159668,9.117814064025879,-130.82948206341456,-6.0,3.049103199489533,0.004124468587900674,0.04627673174485942,0.5947127428054809
277,192.62323674458878,272.0,481.493994474411,34000,1.7007113485336303,9.365910942077637,-131.17350830570345,-6.0,2.981305726112858,0.006229799824781836,0.04625881982621546,0.5934909062385559
278,372.8451971496635,273.0,481.83376026153564,34125,1.69055521774292,9.47979859161377,-130.96336146763392,-6.0,3.0657726507338268,0.004020578994800056,0.046245592102827617,0.5952689595222473
279,224.7731526580365,274.0,485.5368285179138,34250,1.6965689916610718,9.544547286987305,-131.67981498472153,-6.0,3.022048807913257,0.00898985078393091,0.04623120615874964,0.5919023461341858
280,350.8093761245438,275.0,734.1420516967773,34375,1.7067134227752685,9.14337506866455,-132.4923362126426,-6.0,2.9319026091742137,0.006849059683551628,0.04620574204522858,0.5950629844665527
281,345.8483269593193,276.0,941.3559293746948,34500,1.7084442424774169,9.193937721252441,-132.85219327865107,-6.0,2.9031933622975505,0.007933283500718855,0.04618097358758565,0.5941118497848511
282,384.47677634411707,277.0,948.010290145874,34625,1.7129434156417847,9.510208011627197,-133.35366918170263,-6.0,2.8452713943663097,0.009169637306874234,0.04615540328723862,0.5944480409622193
283,343.11929070709346,278.0,951.1563863754272,34750,1.7145902843475342,9.203800437927246,-133.98592278265184,-6.0,2.8909178779971216,0.011347308291137339,0.04612424269448462,0.5934937028884888
284,201.1054997486745,279.0,969.1209840774536,34875,1.710891300201416,9.938957717895509,-133.88042680044023,-6.0,2.8590810866582963,0.005531685463788491,0.04609262740683389,0.5954139618873596
285,346.04491934072104,280.0,,35000,1.720575626373291,9.90195471572876,-134.1933810326361,-6.0,2.7290070018460675,0.009568584938308285,0.04606695592100289,0.5964650731086731
286,,,974.1898655891418,35000,,,,,,,,
287,370.1331537526291,281.0,970.2829983234406,35125,1.7245901985168457,9.433722503662109,-134.4570818704272,-6.0,2.8299309034196156,0.0032375420643282788,0.04603987526523763,0.5954216704368591
288,307.4754748851046,282.0,976.3664946556091,35250,1.721506031036377,9.071850357055665,-135.16467629709553,-6.0,2.838935871278086,0.0007031157879429238,0.04603265542509575,0.5941130862236023
289,333.86217550304605,283.0,983.702654838562,35375,1.7192287797927857,9.166971603393554,-135.2757265605624,-6.0,2.877798458886525,-0.003991729045833742,0.04604085375895199,0.59613818359375
290,378.3880637575731,284.0,967.6611032485962,35500,1.7343078756332397,9.645199668884278,-135.576780503796,-6.0,2.822446761592742,-0.0022892307869399027,0.046056416050101655,0.5954561057090759
291,331.7494721856947,285.0,519.1051924228668,35625,1.745531499862671,24.14857364654541,-135.3579342554486,-6.0,3.1940154007502963,-0.008827454804088034,0.04608154634496477,0.5983505849838257
292,292.313429975333,286.0,522.2167727947235,35750,1.738389874458313,11.526207073211669,-136.84951880670363,-6.0,3.4481671548658803,-0.007479338193192116,0.0461137622061866,0.5928940587043762
293,79.96444723625959,287.0,527.294763803482,35875,1.7365414514541626,11.352751613616944,-136.3903316921658,-6.0,3.102253028324672,-0.0038880548007520182,0.046133498833927866,0.5911904139518738
294,350.2246165440137,288.0,527.3223257064819,36000,1.7341739559173583,268.5380208435059,-136.01054591517294,-6.0,3.0523357737448906,0.00920036846711751,0.04614013290291006,0.6064359803199768
295,334.14512883947856,289.0,530.4733917713165,36125,1.7398809967041016,338.0518165588379,-131.5375734359499,-6.0,6.747590246654692,-0.4893409513779694,0.04675184065110523,0.6232808089256286
296,90.33646089103485,290.0,538.8601915836334,36250,1.7352327461242676,19.621053085327148,-135.97129551056892,-6.0,6.645430303389026,-0.32550873775635997,0.047518297348525376,0.5959945449829102
297,305.6646747752255,291.0,546.2827522754669,36375,1.7396506786346435,18.323303619384767,-137.50974745977493,-6.0,6.211807773226783,-0.25465036195421975,0.048004157773130024,0.5966200466156006
298,22.241359230057046,292.0,559.5266127586365,36500,1.7326639547348022,16.742139511108398,-137.78610647878338,-6.0,5.9479084091801795,-0.23201552538141126,0.048408286006969024,0.596785258769989
299,223.6146103148923,293.0,561.4978775978088,36625,1.7359219703674316,14.704359329223633,-138.39379398406498,-6.0,5.680119279831175,-0.20489567896676442,0.04877006945311185,0.5953641748428344
300,221.6543614862865,294.0,567.562127828598,36750,1.7384000635147094,13.773435264587402,-138.71739935105848,-6.0,5.6237682373292985,-0.1630662345597821,0.04907102672600145,0.5924705090522766
301,204.38387077739446,295.0,572.7751469612122,36875,1.734619616508484,13.915063499450683,-138.9213113936167,-6.0,5.2906478775872126,-0.14045540101471402,0.04932039549439757,0.5901165623664856
302,174.56322957322828,296.0,573.828705072403,37000,1.737976716041565,13.422038604736327,-139.1409163936492,-6.0,5.05227062009996,-0.11670686268518048,0.04953779302606307,0.598540376663208
303,180.1533028301634,297.0,578.9437742233276,37125,1.7330720167160034,13.924040504455567,-139.1672636970641,-6.0,4.733765132843502,-0.08757671157992075,0.04971764681826071,0.593864661693573
304,303.0772163937307,298.0,588.165060043335,37250,1.7414675731658935,13.195078536987305,-139.88595113446635,-6.0,4.508514527351625,-0.061698245755847425,0.04984900368080729,0.5885127511024475
305,300.0699000872533,299.0,572.5840451717377,37375,1.7414473934173584,13.750154090881347,-140.28392682756697,-6.0,4.175034905236865,-0.05014620895778376,0.049942996778378365,0.5925904746055604
306,328.33177946371444,300.0,571.1068272590637,37500,1.7422079515457154,12.511394912719727,-140.1450207617975,-6.0,4.03045440489246,-0.043255713918516715,0.050033527594765294,0.590023745059967
307,310.38841555622554,301.0,573.2451186180115,37625,1.7489636859893798,11.77872498703003,-140.29073006766183,-6.0,3.8877358323051814,-0.035740023578650186,0.05010841076950912,0.5945182685852051
308,337.9303572510823,302.0,565.4862315654755,37750,1.7497055978775025,11.864037605285645,-140.13833962717365,-6.0,3.7727858789505495,-0.02377592332120384,0.05016849569542146,0.5929750099182128
309,373.6662395454162,303.0,575.0498583316803,37875,1.7553498649597168,11.84608069229126,-140.4144025530134,-6.0,3.6189359975239586,-0.01303423528692552,0.050209245645439694,0.5945803065299988
310,386.6906614276516,304.0,589.4577612876892,38000,1.7502056884765624,11.761919792175293,-140.5968285837481,-6.0,3.52052640914917,-0.017690302558138124,0.05024154082640759,0.5931478343009948
311,327.631110972011,305.0,594.7843494415283,38125,1.759641312599182,11.631116523742676,-141.73027014353917,-6.0,3.6806288673764183,-0.015909173311517824,0.05027792293878134,0.5949071764945983
312,343.35289257146314,306.0,598.0304207801819,38250,1.7627223434448243,11.957114875793456,-142.4864959716797,-6.0,3.496492051309155,-0.019744421139494667,0.050317265093519206,0.5930070610046386
313,351.96715533207185,307.0,596.068815946579,38375,1.7661365070343018,11.508041904449463,-142.77382478259858,-6.0,3.3941030161721364,-0.004998323396735248,0.05034356184075627,0.5917153515815735
314,403.12648218517205,308.0,598.7253866195679,38500,1.7660559787750245,11.042918083190917,-142.86465749432963,-6.0,3.2375537426240983,-0.011413493576729971,0.05036457208854041,0.5978061847686768
315,348.2297833557606,309.0,605.3952894210815,38625,1.7717158012390137,11.180080574035644,-142.85896785675533,-6.0,3.3083185203491694,-0.012782856680652393,0.050395995499230524,0.5899419655799866
316,273.2093351931377,310.0,605.9911165237427,38750,1.7812360820770263,11.192044982910156,-143.44312261766004,-6.0,3.273258932175175,-0.009159827120451918,0.05042719660848913,0.5943015155792236
317,188.53063784499258,311.0,611.6810476779938,38875,1.7753307104110718,11.23625545501709,-143.81939479282923,-6.0,3.325643705943274,-0.008925732975411747,0.05044604913107157,0.5952718243598938
318,323.12466382118936,312.0,618.2699594497681,39000,1.781693572998047,14.829320049285888,-143.99756868423955,-6.0,3.5077083879901516,-0.01113073367084707,0.05047062777386142,0.5893733267784118
319,359.76760908827555,313.0,618.73570561409,39125,1.7705605363845824,12.453660766601562,-144.1875719342913,-6.0,3.636404041260008,-0.01743820344009215,0.05051894010182742,0.5925401787757874
320,232.0815054810079,314.0,620.8484525680542,39250,1.778074312210083,20.47403508758545,-143.5887214906754,-6.0,3.641906876717844,-0.009753154044324953,0.05055437686265304,0.5982058067321777
321,332.66318604559,315.0,629.3558995723724,39375,1.7769448623657227,15.055111846923829,-144.42876882401723,-6.0,3.759399247547937,-0.009395214283676257,0.0505877010185239,0.593167477607727
322,297.44809752498804,316.0,636.521454334259,39500,1.787776575088501,20.35574668121338,-145.36641570060485,-6.0,3.7764504801842476,-0.010756493538558003,0.05060475941972072,0.5907869262695312
323,240.83529883320332,317.0,637.732590675354,39625,1.7848203935623168,13.61343391418457,-145.0774158296131,-6.0,3.6066725367591497,-0.004605723544955254,0.05064226190981638,0.5935241322517395
324,365.8622292893876,318.0,635.3170189857483,39750,1.7931062240600586,17.762394760131837,-144.18167877197266,-6.0,3.6200598132225776,-0.0025959397110367015,0.050652448246836373,0.5930929584503174
325,127.4281489460009,319.0,642.8855292797089,39875,1.7856884479522706,662.4852435531616,-135.98522101508246,-6.0,6.300663732347035,-0.2539594068583692,0.05090663702222969,0.6068099102973938
326,219.3057794489872,320.0,,40000,1.7765590953826904,30.69067807006836,-139.42754536290323,-6.0,6.171333405279344,-0.1650511481829228,0.051549736461991874,0.5997703561782837
327,,,655.1838688850403,40000,,,,,,,,
328,129.71606215807097,321.0,649.5159156322479,40125,1.7868700923919678,24.35758979797363,-140.33335924905444,-6.0,5.886607321481856,-0.14720565648305983,0.05190935266402069,0.6049951119422913
329,55.12165678737366,322.0,654.2250995635986,40250,1.7789476165771485,24.05459928894043,-140.83197046095324,-6.0,5.6833631838521645,-0.13812521772999917,0.052247684601809334,0.5994518089294434
330,253.70097315638984,323.0,656.6699993610382,40375,1.7788997535705566,20.72972637939453,-140.91339401971726,-6.0,5.435061560736762,-0.11324731840027703,0.05255475065328562,0.5961528911590576
331,220.27979299348613,324.0,662.2767753601074,40500,1.7805809020996093,19.49230800628662,-140.54071635584677,-6.0,5.190699723459059,-0.09205345232640544,0.052801921418383385,0.5971550555229187
332,136.24773449258177,325.0,660.219607591629,40625,1.7808989982604981,18.394880294799805,-139.86041090223523,-6.0,4.9217092044769775,-0.07890298117011313,0.053017506090395836,0.5884495978355407
333,248.60510481045964,326.0,661.9576525688171,40750,1.7827908582687377,17.77495970916748,-140.15646362304688,-6.0,4.866800838901151,-0.06389496160010176,0.053201480325550214,0.5926413202285766
334,68.02096279241677,327.0,668.2070069313049,40875,1.7619180355072022,16.368316848754883,-139.81927199590774,-6.0,4.5740630437457375,-0.05544303465516321,0.053355845973119424,0.5911569619178771
335,281.5982004190261,328.0,676.3100192546844,41000,1.769963541984558,15.844478317260743,-140.40345296552104,-6.0,4.4724981169546805,-0.04315810662604148,0.0534939575864038,0.5934201922416688
336,343.8709229831939,329.0,681.3966646194458,41125,1.7822465448379516,15.162089515686036,-140.22557964022198,-6.0,4.431963966006324,-0.031742962269437694,0.05360169480172529,0.5939961724281311
337,223.7009495989767,330.0,685.4158046245575,41250,1.7747914705276489,14.43220573425293,-140.545526073825,-6.0,4.219651937484741,-0.017053424917732277,0.05366978326162853,0.5935607409477234
338,316.9823858119313,331.0,689.6302981376648,41375,1.780226014137268,14.371652412414551,-140.11063711983817,-6.0,4.06725397564116,-0.0031859328053773397,0.05369931148139038,0.5932156643867492
339,286.49864693632946,332.0,693.5712575912476,41500,1.778739288330078,13.473939849853515,-140.13366108555948,-6.0,4.089200935056133,-0.0007100777452691428,0.053699665006023564,0.5898506326675415
340,305.42392354305827,333.0,697.3580574989319,41625,1.7870266065597533,13.259539947509765,-141.0135248577784,-6.0,3.9373423144930886,-0.0005585935617250109,0.05370398613130647,0.59334512424469
341,319.0348139460641,334.0,702.1437532901764,41750,1.7805295686721803,13.234885780334473,-141.13063369258757,-6.0,3.8938239428304855,-0.0027742376475925405,0.05370605917424441,0.5933985567092895
342,276.526535417865,335.0,700.7144384384155,41875,1.7865390882492065,13.705150245666504,-141.37804594494048,-6.0,3.797889478622921,0.004594753899182829,0.05370602861496999,0.5916479592323303
343,321.5529364418071,336.0,710.2674486637115,42000,1.7894015836715698,13.629126655578613,-141.37045804915888,-6.0,3.772302093044404,0.00918978955897112,0.05368515232902102,0.5928661217689514
344,306.99339243311294,337.0,710.6394743919373,42125,1.7830588445663451,14.319920852661133,-141.69971260191903,-6.0,3.654047617836604,0.005092838956486611,0.053661543013718185,0.5960141906738281
345,275.0664926554692,338.0,714.9274187088013,42250,1.7923919248580933,12.846611968994141,-141.9112113214308,-6.0,3.701045866935484,0.013596808380116858,0.053630104475693725,0.5964838809967041
346,329.5029867383686,339.0,716.7691516876221,42375,1.7999551782608032,12.60602084350586,-142.0270703028119,-6.0,3.7014699474213617,0.00962346111468616,0.05357835197422577,0.6013364634513855
347,327.00699152570286,340.0,719.8612048625946,42500,1.7959447145462035,12.83205796813965,-142.4657984087544,-6.0,3.6857656394281695,0.012199358800576338,0.05353266981691842,0.5963616280555725
348,314.33954769362356,341.0,724.0141134262085,42625,1.800419545173645,12.032041191101074,-143.62559315514943,-6.0,3.653948602222261,0.011431366386305954,0.05349728339951467,0.5916397767066955
349,330.9672697974952,342.0,726.5442566871643,42750,1.8041080656051636,12.98284439086914,-144.1697503366778,-6.0,3.7398693330826296,0.006028238882971627,0.05345343698712885,0.5912798156738281
350,408.8029936695462,343.0,732.0082619190216,42875,1.8111542224884034,12.129458587646484,-145.09591650584386,-6.0,3.744667889579894,0.006145468879757183,0.05342683181215272,0.5928859548568726
351,390.24088487866146,344.0,734.1253385543823,43000,1.8194921102523804,11.762299896240235,-145.09501180341167,-6.0,3.643079892281563,0.009357889990262207,0.05339489518201668,0.5904865498542786
352,329.54770778808154,345.0,742.9446334838867,43125,1.8160000619888306,16.895148742675783,-145.30128527444506,-6.0,3.6760604835691906,0.004836057271209678,0.053360011214593085,0.5910984358787537
353,378.2291883975744,346.0,743.8795583248138,43250,1.8193679037094117,16.97917189025879,-144.97894926994078,-6.0,3.7606309383146224,-0.000814955702216755,0.053356180230890796,0.588415207862854
354,245.2504794708343,347.0,745.9658572673798,43375,1.8227760620117188,17.41861060333252,-146.47916811988466,-6.0,3.761319402664427,-0.004764417962481578,0.053363199601597106,0.5906534557342529
355,332.91885737316113,348.0,1130.5275802612305,43500,1.818432475090027,14.891234771728517,-146.39111475790702,-6.0,3.9081048542453396,-0.01408614541569184,0.053427809988732256,0.5905999622344971
356,363.6583691478803,349.0,1464.8597683906555,43625,1.8207167053222657,15.029904037475585,-147.01644509936136,-6.0,3.724726131984166,-0.0034717849015982617,0.05347149944458505,0.5891215763092041
357,367.2350190140104,350.0,1475.924695968628,43750,1.8307918863296508,15.64932633972168,-147.63712803010017,-6.0,3.701013522763406,-0.010118682970172696,0.05348653019312093,0.5926313037872315
358,372.3188952415363,351.0,1482.849069595337,43875,1.8328194932937623,15.611181243896484,-147.3201184953962,-6.0,3.8110741168733626,-0.00762048147855297,0.05354350122325934,0.5918316102027893
359,378.64581930975396,352.0,990.9595484733582,44000,1.8300410451889038,14.50369849395752,-148.31671560964276,-6.0,3.6919149852568105,-0.010020253271044742,0.0535951529293425,0.5917343635559082
360,391.4601954337452,353.0,770.258113861084,44125,1.8330708875656128,14.597575458526611,-148.5289776514447,-6.0,3.7667033483111667,0.0005384480399597022,0.05361858127552948,0.5908690810203552
361,342.4749386170621,354.0,773.4264633655548,44250,1.833348599433899,15.550035137176513,-148.59008099955898,-6.0,3.531944109547523,0.003557825528626,0.05360916803019536,0.5933396253585815
362,87.06609066524173,355.0,773.922375202179,44375,1.8401898784637452,17.365989475250245,-149.205814422123,-6.0,3.714713785383436,0.0007240509148687124,0.053596242392037,0.5912783513069153
363,356.78317766812495,356.0,776.1743042469025,44500,1.832877254486084,368.42211477661135,-148.871278209071,-6.0,5.587240034534085,-0.2974930127121268,0.05390820916459721,0.6477147526741028
364,127.91499992014855,357.0,780.9505105018616,44625,1.8328138875961304,30.922251022338866,-152.73862978011843,-6.0,5.516031704251728,-0.3301048047012753,0.05512772657386393,0.5998984808921815
365,195.2573876371879,358.0,1133.1827058792114,44750,1.8367740287780763,22.521224395751954,-151.90541445824408,-6.0,5.415283456925423,-0.230000690346764,0.055840449906199956,0.5932550172805786
366,196.45704304072984,359.0,1554.8038363456726,44875,1.8286524219512938,19.44498179626465,-150.37438504658047,-6.0,5.3106151308332175,-0.15699760781394112,0.0562992165043956,0.5968598251342774
367,125.46916174592477,360.0,,45000,1.8397974424362182,16.767563697814943,-151.15860576014364,-6.0,5.130674116073116,-0.10727087444355411,0.05661702680447081,0.593165117263794
368,,,1573.7496314048767,45000,,,,,,,,
369,217.6997844991644,361.0,1581.3367848396301,45125,1.8250971775054932,15.660081901550292,-151.49192906939794,-6.0,4.9972986115349665,-0.061709986556143986,0.05683172910237107,0.5938227787017822
370,237.1730228768596,362.0,1575.2486078739166,45250,1.8314778928756714,15.157170654296875,-152.46477656210624,-6.0,4.777686096006824,-0.034085404492103524,0.05695249975130669,0.591334041595459
371,267.8540646944729,363.0,1116.1595439910889,45375,1.8314404497146606,13.855203926086427,-152.93889460487972,-6.0,4.508386891985697,-0.01570895156039605,0.057006159273517806,0.5929413223266602
372,252.55880851398837,364.0,828.725789308548,45500,1.837094398498535,13.783733589172364,-153.52837667157573,-6.0,4.227331161499023,-0.00010363469012982903,0.05702739908406064,0.589610071182251
373,312.2136225714645,365.0,829.3499009609222,45625,1.8354811658859254,13.359402923583984,-153.94127521817646,-6.0,4.217740637915475,0.004180274517571051,0.05702450775534837,0.5915506434440613
374,301.18236333837393,366.0,816.7272765636444,45750,1.8330509986877441,12.908379806518555,-153.94728580597908,-6.0,3.952615411050858,0.01165362683335139,0.05700579959259246,0.5866512408256531
375,353.35712356397835,367.0,810.5948960781097,45875,1.8365111398696898,12.683255699157716,-154.2948991079179,-6.0,3.8215476558322,0.01738666548644976,0.05696080909314334,0.5976518530845643
376,325.4167626136193,368.0,814.5622653961182,46000,1.8417669668197632,12.28314567565918,-154.74054570351876,-6.0,3.808314788726068,0.018364078109903682,0.05690784487272474,0.5931528811454773
377,341.68770716138863,369.0,821.9170150756836,46125,1.8365018920898437,12.087651275634766,-154.10123601035465,-6.0,3.697169848850795,0.018374529312409106,0.056848937345548196,0.5894534072875977
378,336.35609942779,370.0,820.9596874713898,46250,1.850127155303955,11.538804466247559,-155.73064742549772,-6.0,3.839162815001703,0.0172356384704941,0.05678981242586718,0.5921192646026612
379,311.38095700208993,371.0,825.9693400859833,46375,1.8496145792007446,11.204693744659425,-156.02536955333892,-6.0,3.6895956084841774,0.015383702871899697,0.056739872711653885,0.5910972180366516
380,412.596319386691,372.0,829.324315071106,46500,1.8545178337097168,11.349592727661133,-156.1277330460087,-6.0,3.6926649693519837,0.01897303858816984,0.056679935521793894,0.5881309585571289
381,252.37605876260983,373.0,835.7474157810211,46625,1.8612405338287354,11.106392345428468,-156.45719401041666,-6.0,3.5930799794575523,0.013646954264018744,0.056621226518369296,0.5870961165428161
382,356.64530662512766,374.0,838.9245297908783,46750,1.8561372919082642,10.993913188934327,-157.4452386671497,-6.0,3.695502446543786,0.020142944285555953,0.056560136349403815,0.5869768080711365
383,334.39953378875964,375.0,846.5605170726776,46875,1.8620016050338746,11.488199138641358,-157.85572936042908,-6.0,3.5803593037620423,0.015465897179046085,0.05649530591273861,0.5939648489952087
384,235.0645017678608,376.0,856.9059882164001,47000,1.8628512678146363,10.711643566131592,-158.17252842072517,-6.0,3.499645533100251,0.018929403966232654,0.05642993869000221,0.5868396072387695
385,372.49307837442916,377.0,863.0914077758789,47125,1.8646975193023683,10.798704410552979,-158.59027487134176,-6.0,3.6570290573059565,0.019120963887193254,0.056354145801326166,0.5914556384086609
386,327.2043659209211,378.0,864.5023558139801,47250,1.8620488300323486,10.91908203125,-158.63021727531188,-6.0,3.5125790296062345,0.018779723015013,0.056282188516416365,0.587911979675293
387,383.35450058775746,379.0,867.4223003387451,47375,1.86521457195282,10.563394729614258,-158.85786728631882,-6.0,3.391207536061605,0.021560659526758605,0.05620407156733552,0.5885909252166748
388,325.74164685663425,380.0,871.5721848011017,47500,1.8665388631820679,10.55114051437378,-159.43605287613408,-6.0,3.444790570966659,0.019072737030294395,0.05611570509794866,0.5932885985374451
389,263.77613111638897,381.0,875.4616520404816,47625,1.8785562438964845,9.939278625488281,-159.38824148026723,-6.0,3.405032392532106,0.013544075743531779,0.05604123117693847,0.5863928961753845
390,359.46848217355154,382.0,881.7940227985382,47750,1.8649353723526,9.985184371948241,-159.8099394767515,-6.0,3.3565351924588605,0.019042718269291423,0.055969875487627954,0.5918642272949218
391,368.4177688214242,383.0,886.8702833652496,47875,1.8801203460693359,10.470926189422608,-159.48053559802827,-6.0,3.39722280275254,0.014485355008334394,0.0558896830921418,0.5873905000686646
392,287.4163404062989,384.0,890.2293372154236,48000,1.877373257637024,9.960060787200927,-159.97366923670614,-6.0,3.3691024318818124,0.012568907718354415,0.05582444483579925,0.5905902848243714
393,327.6005822432246,385.0,891.7091183662415,48125,1.8761898231506349,10.09757050704956,-160.5281013609871,-6.0,3.2935582721044145,0.024226103340172105,0.055740005440198956,0.5954563298225403
394,329.36582476112477,386.0,901.5771355628967,48250,1.8778272647857666,10.30780655670166,-161.1273665889617,-6.0,3.388358719887272,0.025941351676479943,0.05560613631376726,0.5885739350318908
395,279.4125367024178,387.0,902.1961498260498,48375,1.8784540452957152,10.308050914764404,-161.3701896061973,-6.0,3.205900093865773,0.01865263852763862,0.0555032651557135,0.5913609104156494
396,365.2863684018405,388.0,905.490734577179,48500,1.8867627639770508,9.866488868713379,-162.02589195005356,-6.0,3.1749642587477163,0.023859196849497815,0.05538549391553046,0.5887630290985107
397,318.02216308502506,389.0,911.4540801048279,48625,1.8843416728973388,10.046117137908935,-162.4939490424262,-6.0,3.2215153981768894,0.016941045152230397,0.05527511043372993,0.5966360850334167
398,350.5388557449169,390.0,913.8735153675079,48750,1.8895005493164063,10.206543254852296,-163.22997160880797,-6.0,3.2114371676598825,0.022493269531086327,0.055166567567338086,0.5903771891593933
399,315.73723004074293,391.0,917.9336683750153,48875,1.8871738119125365,10.22587286758423,-163.55299619644407,-6.0,3.1921162264687672,0.01691568374914664,0.05505781018299745,0.5871843872070313
400,361.65140885650624,392.0,924.2923736572266,49000,1.889944408416748,9.909929210662842,-163.4286592545048,-6.0,3.3101548110285113,0.01072036799967229,0.05498513037121312,0.5906109089851379
401,374.776709837722,393.0,928.5467743873596,49125,1.8923540000915526,10.495558193206787,-163.56110006665426,-6.0,3.2658036890484037,0.01900035046624936,0.05489233038809829,0.5916625266075134
402,245.13921930353774,394.0,939.1774706840515,49250,1.8879843406677246,10.688353424072266,-163.11585801647556,-6.0,3.250480044272638,0.026152977686104997,0.05474700006950385,0.5874664797782898
403,303.94602936973786,395.0,939.0908136367798,49375,1.8923836011886597,10.570350666046142,-163.21800619458395,-6.0,3.40176893037463,0.021966582186342704,0.054615096068035655,0.5922224855422974
404,371.2477769382665,396.0,940.5783052444458,49500,1.892983344078064,10.589377391815185,-164.09363063689202,-6.0,3.089425360002825,0.025540484062906717,0.054451606861520715,0.5914731576442719
405,392.54306639660894,397.0,944.8590791225433,49625,1.8880125713348388,10.364170150756836,-164.37276882595486,-6.0,3.1611360822405135,0.016376087863353036,0.05432687684777139,0.5873793840408326
406,324.6410902224241,398.0,948.2489948272705,49750,1.9004053745269776,11.05395280456543,-164.38806398453252,-6.0,3.285025308209081,0.01446952934812514,0.05422397401975091,0.5909176397323609
407,304.2338031852223,399.0,953.8149256706238,49875,1.8990613660812379,10.754311401367188,-165.03356570289247,-6.0,3.2444820706806485,0.021032482271067916,0.05409892425176671,0.5907196798324585
408,403.40161783775915,400.0,,50000,1.9040981073379517,10.368035076141357,-165.98518888411982,-6.0,3.232173535131639,0.02024640549995726,0.053958872927607524,0.5879521431922913
409,,,962.6591196060181,50000,,,,,,,,
410,358.20864941015395,401.0,960.9373018741608,50125,1.908073631286621,10.589535049438476,-165.63401067824591,-6.0,3.176563478651501,0.015387237545043703,0.05382815198195782,0.5912661690711976
411,419.3606815666233,402.0,970.7740516662598,50250,1.9106606092453002,10.517905345916748,-166.31560417913622,-6.0,3.15288903251771,0.0163812713937894,0.05371881443447604,0.5841209001541138
412,354.13695191342595,403.0,971.5188338756561,50375,1.9198675937652587,10.069164962768555,-166.3826427156963,-6.0,3.1676614057450068,0.01751885382414219,0.05358837542803089,0.586792576789856
413,392.34439804755874,404.0,975.8820521831512,50500,1.919015598297119,10.062891403198241,-166.74084128102947,-6.0,3.0524539332236014,0.00834026453911417,0.053493945630115086,0.591354040145874
414,317.33547010517594,405.0,979.7664556503296,50625,1.9238231487274169,10.639137420654297,-167.24132477291047,-6.0,2.9720386209942045,0.00234668308107685,0.05346033349776268,0.5882382884025573
415,356.5663430248841,406.0,984.3975512981415,50750,1.9256180868148804,9.829959518432617,-167.06267227665072,-6.0,2.999013077828192,0.014304365087751179,0.05339009535276887,0.5887226800918579
416,389.1868947155511,407.0,989.9717175960541,50875,1.9270190544128418,10.053173637390136,-167.46403285435267,-6.0,2.975759744644165,0.0076200751077738545,0.05328862934033542,0.5917427186965942
417,478.8845823845033,408.0,994.2146651744843,51000,1.9267411022186278,10.29462971496582,-167.78685760498047,-6.0,3.0667188667481944,0.008170037077844984,0.053230278458050485,0.5901926732063294
418,347.8043751105731,409.0,997.5199356079102,51125,1.9307253484725952,10.198338031768799,-168.3093067956349,-6.0,3.093772842770531,0.008219621694898085,0.0531476171586652,0.5875089693069458
419,361.4821488604404,410.0,1004.8567051887512,51250,1.9437540998458862,9.667628997802735,-167.9820340064264,-6.0,2.9342437136557793,0.005790944203674313,0.053092869838228564,0.5954448947906494
420,422.77119292145034,411.0,1008.1358916759491,51375,1.9424968709945678,10.331061721801758,-168.61405193994915,-6.0,2.931316841216314,0.006108979628022228,0.05303103077789102,0.5909184155464172
421,374.83575612390206,412.0,1012.7441022396088,51500,1.9380641927719116,10.08595743560791,-168.36184864659464,-6.0,2.8797113395506337,0.005848675902422157,0.05299809688564016,0.5942845768928527
422,379.93423442423784,413.0,1018.3498418331146,51625,1.9417851161956787,10.026656475067139,-168.92864021422372,-6.0,3.010968915999882,0.006185878249299195,0.052925944481368774,0.5906034874916076
423,402.3797230830222,414.0,1023.4138278961182,51750,1.940919807434082,10.731880546569824,-169.36399915141445,-6.0,2.982591648255625,0.010104275207155414,0.052854197689026494,0.5921738023757934
424,363.2832526170052,415.0,1027.7785904407501,51875,1.9531119384765625,10.427159896850586,-170.53020755828373,-6.0,2.9481730044834196,0.008137436258414435,0.05276178209490403,0.5875873298645019
425,334.23931383457864,416.0,1030.2617971897125,52000,1.951979574203491,10.492367012023927,-171.13385058987527,-6.0,3.007529535601216,0.0011347307365447764,0.052716231900000604,0.5918475608825684
426,377.7294423683897,417.0,1035.5139813423157,52125,1.9543498001098634,10.678635692596435,-171.5901852562314,-6.0,2.93396106220427,-0.0008665889165260725,0.052716502757187964,0.5954403014183044
427,362.7868587786568,418.0,1042.4343748092651,52250,1.9582580585479736,11.550843044281006,-171.21571202431954,-6.0,2.913729544608824,0.007884913867700004,0.05268595117223236,0.5911049513816834
428,146.6654659624349,419.0,1045.078937292099,52375,1.954447359085083,10.901107242584228,-171.16803535582528,-6.0,2.970840847681439,-0.0057697252274328285,0.052637062040916546,0.5830820908546448
429,308.7638598365719,420.0,1049.6085946559906,52500,1.9534064197540284,11.531286170959472,-171.01978105114353,-6.0,3.052166561926565,-0.004016074062805743,0.052720766512382757,0.5867573895454407
430,310.4032815263109,421.0,1056.1556866168976,52625,1.9471675977706908,11.520156513214111,-171.79406859382752,-6.0,2.9481349975343734,-0.0004729486369927015,0.05274485935178489,0.5866541442871094
431,266.2615397061313,422.0,1058.0340673923492,52750,1.9579715366363526,11.362061603546142,-172.4059549147083,-6.0,2.9455975640204644,-0.002622796654430849,0.05275179485815986,0.5903364734649659
432,369.01822484547176,423.0,1063.048488855362,52875,1.9541319618225097,11.625022109985352,-173.33353823707216,-6.0,2.835956671881297,6.1866263711145e-05,0.052779981873700185,0.5910594725608825
433,264.65056763951975,424.0,1069.0281744003296,53000,1.9559107160568237,11.773231231689453,-173.68059761293472,-6.0,2.8884558908401,-0.0007792625185703078,0.052808416321175326,0.5932086486816406
434,347.4041762420886,425.0,1069.2712638378143,53125,1.958461480140686,11.701375049591064,-173.23638431609623,-6.0,2.837415717896961,0.009713341051431757,0.05274468026026055,0.5949580454826355
435,404.70333968958374,426.0,1077.5208389759064,53250,1.9723287715911866,11.355905132293701,-173.75423849782635,-6.0,2.886835321303337,0.005943348099883165,0.05261957204755042,0.5852461214065552
436,388.2305812625584,427.0,1086.4330039024353,53375,1.9687454290390014,12.018753997802735,-173.85241626557848,-6.0,2.947441638462127,-0.00453164664074956,0.05260788899799632,0.5882223052978516
437,108.55087986331628,428.0,1085.5016813278198,53500,1.9677784843444823,12.099469535827637,-174.4339880174206,-6.0,2.79986580341093,0.0001284633312494524,0.05264173205439982,0.5917631578445435
438,388.1894267860847,429.0,1090.7255470752716,53625,1.9673327140808106,12.51975636291504,-174.45518687414744,-6.0,2.745095718474615,0.000260763576195117,0.0526297913865606,0.5873893504142761
439,319.11648438467694,430.0,1094.4384458065033,53750,1.9674376831054687,11.31306462097168,-174.26507149973224,-6.0,2.8050140219350017,-0.0032310932837126237,0.05264689960291088,0.5905279483795166
440,360.17618976744717,431.0,1102.6776823997498,53875,1.9663141136169433,11.824599658966065,-175.7724875798301,-6.0,2.8968415563068692,0.0016607781946067772,0.05266802623895927,0.5884905529022216
441,427.0354598282086,432.0,1107.9882836341858,54000,1.9857486906051636,11.384391044616699,-176.03643823439074,-6.0,2.79561569229249,0.0008300209245193869,0.052662463515840585,0.5896241977214813
442,432.1958639802421,433.0,1111.0536589622498,54125,1.9830336065292358,11.575834423065185,-176.41852218385728,-6.0,2.8919478522406683,-0.0004555405531492498,0.05266055195252313,0.5873813672065735
443,425.50611058744136,434.0,1111.6435372829437,54250,1.987842351913452,11.54404130935669,-176.8998282647902,-6.0,2.8216355577591927,0.00028591382414883663,0.05267476119269891,0.5881726479530335
444,372.12680065078234,435.0,1122.4606420993805,54375,1.992366180419922,12.285977989196777,-176.97002689422123,-6.0,2.739440058904981,-0.00478285534625193,0.05268004897358871,0.5872204012870789
445,410.18393850308115,436.0,1123.8066442012787,54500,1.9817256593704224,11.719454177856445,-177.53769240840788,-6.0,2.8012086229939617,-0.007635016309758348,0.052776576054509715,0.5927058596611023
446,433.2906280872139,437.0,1136.701301574707,54625,1.9925818614959716,12.735230361938477,-177.22132364908853,-6.0,2.7596043859209334,-0.00968217095988433,0.05294608664777378,0.5873655390739441
447,421.6385700287079,438.0,1133.9149162769318,54750,1.993117154121399,12.068889541625976,-177.92734995195943,-6.0,2.828794052523951,-0.0037279386869481495,0.05305672386126539,0.5863519630432129
448,413.0386546361896,439.0,1138.9278709888458,54875,2.0010131902694703,11.463273361206054,-178.15504988413008,-6.0,2.780764208899604,-0.010412989601877237,0.0531565293360437,0.5858762402534485
449,388.22223701793394,440.0,,55000,1.9938113203048706,11.207872066497803,-177.92187130835748,-6.0,2.7761667928388043,0.0025018174126143415,0.05321131986687758,0.5886757636070251
450,,,1147.2022478580475,55000,,,,,,,,
451,444.8822492046146,441.0,1146.9038124084473,55125,1.9977201385498047,11.783014629364013,-179.03154694087922,-6.0,2.7818482981787787,-0.005439378722156916,0.05327519478938841,0.5859344973564148
452,436.96554243560934,442.0,1150.1268246173859,55250,2.0028657598495485,12.191393196105958,-179.569706332299,-6.0,2.756405553510112,-0.0019499854045739817,0.05331682618373591,0.5861743426322937
453,423.7414895990777,443.0,1158.769963502884,55375,2.001726764678955,12.437392364501953,-180.05419703892298,-6.0,2.7996321443527465,0.0005146075605547854,0.05331280764633763,0.5896313438415527
454,407.562992899407,444.0,1164.154325723648,55500,2.0125869731903077,11.04974072265625,-179.8483608615014,-6.0,2.6915394759947255,0.00047722104523751523,0.053292263359198594,0.5904604549407959
455,279.25013968494073,445.0,1163.7150247097015,55625,2.020722764015198,11.8616241607666,-181.29136027987042,-6.0,2.6459374276418535,0.0014271143387766584,0.053295002568388976,0.5945008721351623
456,438.8971556234384,446.0,1169.576809167862,55750,2.0113012771606447,11.475085678100585,-180.84025155344318,-6.0,2.7201208030023882,-0.0053370046530730065,0.053348387968093144,0.5869138894081116
457,255.08396720034585,447.0,1173.462971687317,55875,2.0175161533355714,12.524138961791992,-181.2314198811849,-6.0,2.820290478449019,-0.0014996341529435345,0.053391019205897,0.5913771085739136
458,273.93318087530525,448.0,1179.1636164188385,56000,2.0201577825546266,11.67855889892578,-180.8802263813634,-6.0,2.723447653555101,-0.0021327042974711905,0.053472522627025856,0.5863418097496033
459,280.03436002993976,449.0,1183.822988986969,56125,2.0151812505722044,12.734602588653564,-181.29757302904886,-6.0,2.6734596926068503,0.003610106713567225,0.05341198134549849,0.5877998867034913
460,408.61071060654905,450.0,1194.8823654651642,56250,2.0148449668884276,16.10400676727295,-181.01659467143398,-6.0,2.803571770268102,-0.009662710697269969,0.05350872110939245,0.5854395890235901
461,321.4371768334201,451.0,1206.4117839336395,56375,2.0166532144546507,153.00196705627442,-174.99157654293,-6.0,4.452288374068245,-0.14838382666967515,0.0542663944460838,0.6551557087898254
462,228.20801551458206,452.0,1198.8697006702423,56500,2.017427930831909,20.64007218170166,-178.11012120400704,-6.0,4.481956128151186,-0.09295291297378079,0.05537714756581023,0.5939802861213684
463,294.9996165169727,453.0,1202.381584405899,56625,2.019366620063782,17.751282524108888,-179.35883198087177,-6.0,4.068643849993509,-0.059993528184436616,0.05589793160814489,0.5938161344528198
464,356.1721247915599,454.0,1211.7799775600433,56750,2.0156785192489624,16.84265940093994,-180.18500469576927,-6.0,3.8033992590442782,-0.04137136785673999,0.056238317902909465,0.5876497197151184
465,295.42819857829534,455.0,1212.4889647960663,56875,2.024149363517761,15.130775215148926,-180.9926283094618,-6.0,3.617708100212945,-0.019900365765871748,0.056459959412755174,0.5886501722335815
466,425.19987306291915,456.0,1222.123352766037,57000,2.0234597549438478,14.715316040039063,-182.56193099483366,-6.0,3.4204472034208235,-0.012805195330011268,0.05656678011887934,0.58740092420578
467,403.81384929549614,457.0,1229.1930122375488,57125,2.0307919149398805,13.931500839233399,-182.71941024538071,-6.0,3.333440107012552,-0.006654935216324197,0.056654550503032516,0.5894008774757385
468,407.85581245905206,458.0,1241.2549724578857,57250,2.0268758440017702,13.42737538909912,-183.08436609083606,-6.0,3.1922591309393606,0.000292497388492789,0.05666351157570572,0.5864714050292968
469,382.9625769038529,459.0,1255.5081927776337,57375,2.0337194347381593,13.452569324493409,-184.13357253301712,-6.0,3.1413874323405917,0.000525657503333475,0.05667162659007834,0.5877699942588807
470,343.9574194184056,460.0,1261.2097902297974,57500,2.041904447555542,13.128256591796875,-184.81305620747227,-6.0,3.0609125552638883,0.008423573574081303,0.05662975440385281,0.5903446674346924
471,355.28453048790277,461.0,1261.8938574790955,57625,2.0317775468826293,12.64821036529541,-184.36964150080604,-6.0,2.952244005506001,0.011342280130419467,0.05653541223454568,0.5894252238273621
472,388.6449609386881,462.0,1271.3112947940826,57750,2.037238049507141,12.466370010375977,-184.8082976802703,-6.0,2.8716968874777518,0.00941322787454532,0.056460808994564224,0.5898350706100464
473,417.93169041604426,463.0,1252.548265695572,57875,2.046098226547241,12.703505416870117,-185.12177119179378,-6.0,2.83711508342198,0.009588409837941446,0.05637070191047622,0.5904305310249328
474,383.18604684756343,464.0,1267.4780163764954,58000,2.03756991481781,12.438520652770997,-184.99302648728894,-6.0,2.8633305757276473,0.010257879897366248,0.05629598720651213,0.584542031288147
475,307.92837886324844,465.0,1276.3812592029572,58125,2.037282078742981,11.983407314300537,-185.14656648181733,-6.0,2.9126769928705123,0.008180384102853992,0.05619237821370012,0.5851512069702148
476,425.63920251132026,466.0,1276.4549763202667,58250,2.045072877883911,11.967641624450684,-185.95414536999118,-6.0,2.824926326351781,0.003892880458865435,0.05614250631139004,0.5854852561950683
477,427.65832018398436,467.0,1283.4728591442108,58375,2.0494137239456176,12.071301223754883,-186.3685050843254,-6.0,2.798307842678494,-0.0028223744316381357,0.05612980579138233,0.587654167175293
478,341.87458733202294,468.0,1283.6716277599335,58500,2.0495480251312257,12.518305503845214,-185.7772711476972,-6.0,2.7956273325027956,0.00225085694053691,0.05614326574209796,0.5922488670349121
479,340.5448509028017,469.0,1292.7679011821747,58625,2.0578949756622316,12.552986602783204,-187.22474234444755,-6.0,2.8004775463588656,-0.0007102478014689589,0.05612708644473461,0.5871586799621582
480,406.7730209628383,470.0,1300.966540813446,58750,2.0588683586120604,12.186441680908203,-186.68970218781502,-6.0,2.7629977926131217,-0.0006472423819134072,0.05613872280661552,0.5880317301750183
481,389.4944356108714,471.0,1300.380697965622,58875,2.054738554954529,12.33684051513672,-187.03992425827752,-6.0,2.823721374784197,0.0018006458921017983,0.056125964773876054,0.5897128038406372
482,373.71636894932067,472.0,1310.3390798568726,59000,2.057040002822876,11.717400451660156,-186.96412412581904,-6.0,2.8123464815078245,0.001301828373764311,0.05610428095420048,0.5884282336235046
483,407.4104517867193,473.0,1309.8018436431885,59125,2.061888705253601,11.878275802612304,-187.3355022612072,-6.0,2.7623217938438294,0.0010963132686262567,0.05611521666418506,0.5846666617393493
484,410.60388065128325,474.0,1315.6713829040527,59250,2.071314604759216,12.381547981262207,-187.66311620896863,-6.0,2.654372319098442,0.003314992531217755,0.056072394606784655,0.5891423454284668
485,385.11685612758356,475.0,1311.9853420257568,59375,2.064940540313721,11.908391120910645,-187.6414591471354,-6.0,2.795637017204648,0.001968482111965025,0.05603629915238404,0.590467212677002
486,361.565032006652,476.0,1327.3423194885254,59500,2.0754097385406496,11.708862174987793,-188.5190242644279,-6.0,2.756113859914964,-0.006638272196024416,0.05607523201297091,0.5870441699028015
487,372.46223376534994,477.0,1330.6530804634094,59625,2.068208806991577,11.76179312133789,-188.4127437046596,-6.0,2.6666237853822254,-0.0012034161371134576,0.05612472281988875,0.5878808360099792
488,361.9591934755174,478.0,1337.3200738430023,59750,2.0697714624404906,12.538040283203125,-188.2407460366526,-6.0,2.715406398619375,-0.004023635786237015,0.056164439831326005,0.5848973889350891
489,459.3657868366571,479.0,1342.51100730896,59875,2.088877808570862,12.718031921386718,-188.66746448335192,-6.0,2.8056112698146274,-0.004535600727808381,0.05619374772552341,0.5885686140060424
490,421.3413881217176,480.0,,60000,2.076679386138916,13.044725105285645,-188.28377065350932,-6.0,2.6768320991146948,-9.731307340365263e-05,0.05625259323726643,0.5832615466117859
491,,,1350.8089685440063,60000,,,,,,,,
492,422.7302497895141,481.0,1349.8459861278534,60125,2.090403115272522,12.937510124206543,-188.63087293836804,-6.0,2.7162111865149603,-0.006804132312979726,0.05631130457368654,0.5842213125228882
493,389.2643985920189,482.0,1362.3025476932526,60250,2.086383198738098,12.734341217041015,-188.3234631938319,-6.0,2.6166532924098354,2.1434223820124904e-05,0.056345219906614695,0.5834844303131104
494,420.5043333571798,483.0,1354.8214046955109,60375,2.091274659156799,13.200843383789062,-188.75376649886843,-6.0,2.7188607397533597,-0.00468649207577405,0.056372016291168336,0.5890167179107666
495,352.5270472406642,484.0,1364.6092457771301,60500,2.0915926456451417,13.90521533203125,-189.2668247838174,-6.0,2.73206118998989,0.0011635307417882065,0.05641037449035871,0.5873925714492798
496,461.1079686547186,485.0,1372.2413020133972,60625,2.0942443056106566,13.417386878967285,-188.81580074249752,-6.0,2.796598986973838,-0.00802461981832508,0.05643630512470528,0.5890262236595154
497,390.99460455735283,486.0,1374.9135520458221,60750,2.0933351879119875,12.844329238891602,-188.64392557451802,-6.0,2.77143766034034,-0.004171727448626752,0.056547379266574015,0.5887811732292175
498,401.7965505142211,487.0,1380.0979990959167,60875,2.094084776878357,12.590784233093261,-189.15140521337116,-6.0,2.6763523344009643,-0.0028454092301664845,0.056597814872641046,0.5854068803787231
499,453.04992840416753,488.0,1384.81960105896,61000,2.098605234146118,13.121394477844238,-188.79650239021547,-6.0,2.7290609575087026,-0.0033942574988149346,0.056644666492899926,0.5873986802101135
500,284.58547999788277,489.0,1388.6432673931122,61125,2.100629009246826,12.424961280822753,-189.32044135199652,-6.0,2.8438369281708247,-0.004584342444552079,0.05669730969509724,0.586239679813385
501,427.0451891167747,490.0,1389.3753170967102,61250,2.1070901031494143,12.253764045715332,-190.0216303179341,-6.0,2.7579094594524753,-0.0018474659244079262,0.05675867060614193,0.5859958133697509
502,428.28231637252463,491.0,1392.2156872749329,61375,2.1154973554611205,12.190824462890625,-189.91531832256015,-6.0,2.740021126610892,-0.0059931982486020954,0.056874128956857777,0.588034086227417
503,478.3262490572602,492.0,1406.5724968910217,61500,2.0979817008972166,13.000595222473144,-189.308226308515,-6.0,2.8442856111834125,0.0020942119994170724,0.05682379615214968,0.589242742061615
504,336.2800941098697,493.0,1408.4865226745605,61625,2.1179503860473634,12.478680068969727,-190.14649018787202,-6.0,2.8646726683964805,-0.0008412484090686554,0.05682795830035412,0.5893666858673096
505,301.76666602372745,494.0,1421.8992500305176,61750,2.1168341064453124,30.94240766143799,-190.67388965237527,-6.0,2.991085433190869,-0.015350670666403828,0.05692774234485575,0.5884906258583069
506,325.21991117257795,495.0,1418.6351597309113,61875,2.115167808532715,14.168760551452637,-188.42068675207713,-6.0,3.3235127812340144,-0.02496600413088879,0.057358998147047875,0.5891440634727478
507,468.6976492468532,496.0,1424.1860086917877,62000,2.110513994216919,16.769860794067384,-190.18329078920425,-6.0,3.1362126488839426,-0.013551143099433713,0.0576631930618939,0.5822838673591614
508,222.65170820333813,497.0,1429.8914477825165,62125,2.114261689186096,16.583027641296386,-191.51986379472035,-6.0,2.996397226575821,-0.01798670580019317,0.0579088414532613,0.5856649050712586
509,412.48495028427834,498.0,1437.5333666801453,62250,2.120562349319458,16.203064743041992,-191.38253513459236,-6.0,2.904577359076469,-0.013389825013526264,0.0582000790196505,0.5879039325714112
510,307.83151948752766,499.0,1441.285843372345,62375,2.1068812227249145,18.197771797180177,-190.9047379266648,-6.0,2.9431564391605436,-0.016461337051753486,0.058401529791906485,0.5921915535926818
511,295.25530631729737,500.0,1451.4390444755554,62500,2.1209356536865234,17.447912727355956,-192.2678451538086,-6.0,3.0886072112667944,-0.020188049311869807,0.05872715874764361,0.5886026935577393
512,425.40734005419665,501.0,1450.6701374053955,62625,2.114162160873413,367.4981014328003,-184.56732662140377,-6.0,4.0711061500367665,-0.09405692930643757,0.059188238501992715,0.5975577125549316
513,254.9613392729137,502.0,1460.9539017677307,62750,2.1237090950012205,28.167017028808594,-177.94827861170614,-6.0,5.0965586554619575,-0.029991739069021518,0.06007787829310029,0.5920742502212525
514,166.76136685162095,503.0,1449.7937643527985,62875,2.120532193183899,23.816996505737304,-180.1457316080729,-6.0,4.815531117575509,-0.05247010775501766,0.06044178083080291,0.588895712852478
515,181.3957455275987,504.0,1442.6262793540955,63000,2.1177508182525635,22.175553855895995,-180.75415777391004,-6.0,4.807924239866195,-0.0449974381274754,0.06088673587315669,0.5883985180854797
516,343.17738619248036,505.0,1454.4569339752197,63125,2.1172905778884887,20.56480892944336,-181.10127694266183,-6.0,4.650375237540593,-0.033622529187668414,0.06125164992452967,0.588746778011322
517,271.96224620966456,506.0,1456.615494966507,63250,2.112944184303284,18.29863581085205,-181.77908423639113,-6.0,4.59231246671369,-0.02871538220243829,0.06152869559912269,0.5890675287246704
518,395.8155685987926,507.0,1460.6405022144318,63375,2.12936612701416,18.666669914245606,-181.7090027824281,-6.0,4.342741194225493,-0.022986916013963757,0.06176457391627636,0.5862793521881103
519,408.72367347830414,508.0,1477.180146932602,63500,2.1178258209228518,17.91275981903076,-181.9158416255828,-6.0,4.185267309988698,-0.01636675025726999,0.061954766224283676,0.5903064947128296
520,202.78847431826551,509.0,1476.6852958202362,63625,2.1063110237121583,15.99495531463623,-181.9201904781281,-6.0,4.139077580164349,-0.007625090836044696,0.062077314666721,0.5842738037109375
521,271.9123594368024,510.0,1492.168823480606,63750,2.1228625774383545,15.021320693969727,-182.25589038479714,-6.0,4.0634512170668575,0.00023650231155296488,0.06210215130671282,0.5892677803039551
522,357.4598057410908,511.0,1488.986034154892,63875,2.1304606885910036,16.117151947021483,-182.23593987358942,-6.0,3.8043482644217357,0.0007095076347006455,0.06209634320856671,0.5891408958435058
523,368.25846064230547,512.0,1490.8616411685944,64000,2.124532060623169,14.607179664611817,-182.22367145169167,-6.0,3.7970762521989885,0.011760923594626929,0.06202878840253107,0.5878637752532959
524,368.6735115859927,513.0,1498.5973680019379,64125,2.118357464790344,14.643221870422364,-181.57162378704737,-6.0,3.7109572546822682,0.01270049368031323,0.06190742973221258,0.5891740717887879
